time_index,year,week,day,inc,inc_low,inc_up,inc100,inc100_low,inc100_up
1,1984,44,NA,68422,20056,116788,125,37,213
2,1984,45,NA,135223,101414,169032,246,184,308
3,1984,46,NA,87330,67686,106974,159,123,195
4,1984,47,NA,72029,54274,89784,131,99,163
5,1984,48,NA,78620,60634,96606,143,110,176
6,1984,49,NA,101073,81684,120462,184,149,219
7,1984,50,NA,123680,101401,145959,225,184,266
8,1984,51,NA,101726,80242,123210,185,146,224
9,1984,52,NA,84830,60602,109058,154,110,198
10,1985,1,NA,85489,65918,105060,155,120,190
11,1985,2,NA,97586,80949,114223,177,147,207
12,1985,3,NA,213901,174689,253113,388,317,459
13,1985,4,NA,424937,390794,459080,770,708,832
14,1985,5,NA,637302,592795,681809,1155,1074,1236
15,1985,6,NA,565825,518011,613639,1026,939,1113
16,1985,7,NA,471852,432599,511105,855,784,926
17,1985,8,NA,389886,359529,420243,707,652,762
18,1985,9,NA,369895,341109,398681,670,618,722
19,1985,10,NA,353231,326279,380183,640,591,689
20,1985,11,NA,276205,252399,300011,501,458,544
21,1985,12,NA,245240,223304,267176,445,405,485
22,1985,13,NA,197206,176080,218332,357,319,395
23,1985,14,NA,134545,114400,154690,244,207,281
24,1985,15,NA,63881,45538,82224,116,83,149
25,1985,16,NA,50362,36451,64273,91,66,116
26,1985,17,NA,34053,24366,43740,62,44,80
27,1985,18,NA,40555,29935,51175,74,55,93
28,1985,19,NA,43154,32821,53487,78,59,97
29,1985,20,NA,27896,20885,34907,51,38,64
30,1985,21,NA,26096,19621,32571,47,35,59
31,1985,22,NA,24099,17190,31008,44,31,57
32,1985,23,NA,19373,10010,28736,35,18,52
33,1985,24,NA,19855,13577,26133,36,25,47
34,1985,25,NA,19362,12454,26270,35,22,48
35,1985,26,NA,18609,12637,24581,34,23,45
36,1985,27,NA,19670,11761,27579,36,22,50
37,1985,28,NA,14588,7659,21517,26,13,39
38,1985,29,NA,13054,6474,19634,24,12,36
39,1985,30,NA,11598,5507,17689,21,10,32
40,1985,31,NA,16958,8479,25437,31,16,46
41,1985,32,NA,7488,1851,13125,14,4,24
42,1985,33,NA,22611,8819,36403,41,16,66
43,1985,34,NA,40389,24786,55992,73,45,101
44,1985,35,NA,30215,18546,41884,55,34,76
45,1985,36,NA,27986,18992,36980,51,35,67
46,1985,37,NA,22219,15626,28812,40,28,52
47,1985,38,NA,27605,20614,34596,50,37,63
48,1985,39,NA,39819,31234,48404,72,56,88
49,1985,40,NA,49739,40335,59143,90,73,107
50,1985,41,NA,45712,36755,54669,83,67,99
51,1985,42,NA,76218,64604,87832,138,117,159
52,1985,43,NA,87402,74208,100596,158,134,182
53,1985,44,NA,67356,55744,78968,122,101,143
54,1985,45,NA,57514,47167,67861,104,85,123
55,1985,46,NA,70534,58788,82280,128,107,149
56,1985,47,NA,66177,55221,77133,120,100,140
57,1985,48,NA,68291,57581,79001,124,105,143
58,1985,49,NA,65931,55326,76536,120,101,139
59,1985,50,NA,86031,73604,98458,156,133,179
60,1985,51,NA,114666,99538,129794,208,181,235
61,1985,52,NA,86452,72250,100654,157,131,183
62,1986,1,NA,112614,96539,128689,203,174,232
63,1986,2,NA,178138,159344,196932,322,288,356
64,1986,3,NA,271539,248654,294424,490,449,531
65,1986,4,NA,348509,322464,374554,629,582,676
66,1986,5,NA,364727,339868,389586,658,613,703
67,1986,6,NA,439300,411764,466836,793,743,843
68,1986,7,NA,490723,460150,521296,886,831,941
69,1986,8,NA,448786,419219,478353,810,757,863
70,1986,9,NA,321140,296644,345636,580,536,624
71,1986,10,NA,257305,231225,283385,464,417,511
72,1986,11,NA,168146,151035,185257,303,272,334
73,1986,12,NA,124777,97237,152317,225,175,275
74,1986,13,NA,87249,63562,110936,157,114,200
75,1986,14,NA,49792,39728,59856,90,72,108
76,1986,15,NA,42659,33537,51781,77,61,93
77,1986,16,NA,41196,32894,49498,74,59,89
78,1986,17,NA,34874,27440,42308,63,50,76
79,1986,18,NA,31736,24115,39357,57,43,71
80,1986,19,NA,22177,16008,28346,40,29,51
81,1986,20,NA,17133,12106,22160,31,22,40
82,1986,21,NA,14460,9575,19345,26,17,35
83,1986,22,NA,9717,5594,13840,18,11,25
84,1986,23,NA,14372,9896,18848,26,18,34
85,1986,24,NA,11160,7252,15068,20,13,27
86,1986,25,NA,11075,6804,15346,20,12,28
87,1986,26,NA,8778,5106,12450,16,9,23
88,1986,27,NA,7529,3353,11705,14,6,22
89,1986,28,NA,2327,0,5318,4,0,9
90,1986,29,NA,3654,931,6377,7,2,12
91,1986,30,NA,2346,141,4551,4,0,8
92,1986,31,NA,2247,0,4574,4,0,8
93,1986,32,NA,1027,0,2311,2,0,4
94,1986,33,NA,3115,554,5676,6,1,11
95,1986,34,NA,5762,858,10666,10,1,19
96,1986,35,NA,10587,4470,16704,19,8,30
97,1986,36,NA,9182,4982,13382,17,9,25
98,1986,37,NA,15998,10802,21194,29,20,38
99,1986,38,NA,26615,20479,32751,48,37,59
100,1986,39,NA,28665,22477,34853,52,41,63
101,1986,40,NA,33516,26776,40256,60,48,72
102,1986,41,NA,32864,25939,39789,59,47,71
103,1986,42,NA,31815,25124,38506,57,45,69
104,1986,43,NA,27532,20842,34222,50,38,62
105,1986,44,NA,28646,22048,35244,52,40,64
106,1986,45,NA,38964,31382,46546,70,56,84
107,1986,46,NA,32134,25327,38941,58,46,70
108,1986,47,NA,36740,29710,43770,66,53,79
109,1986,48,NA,46031,38578,53484,83,70,96
110,1986,49,NA,56296,48229,64363,102,87,117
111,1986,50,NA,73413,64019,82807,133,116,150
112,1986,51,NA,72920,63047,82793,132,114,150
113,1986,52,NA,76263,64958,87568,138,118,158
114,1987,1,NA,69745,59207,80283,125,106,144
115,1987,2,NA,74213,64014,84412,133,115,151
116,1987,3,NA,103841,91699,115983,187,165,209
117,1987,4,NA,158333,143625,173041,285,259,311
118,1987,5,NA,236046,219483,252609,424,394,454
119,1987,6,NA,296702,279051,314353,533,501,565
120,1987,7,NA,288180,270718,305642,518,487,549
121,1987,8,NA,217779,202179,233379,391,363,419
122,1987,9,NA,147006,133519,160493,264,240,288
123,1987,10,NA,93067,80519,105615,167,144,190
124,1987,11,NA,53561,45035,62087,96,81,111
125,1987,12,NA,59625,50653,68597,107,91,123
126,1987,13,NA,62246,52749,71743,112,95,129
127,1987,14,NA,50642,41866,59418,91,75,107
128,1987,15,NA,44292,36456,52128,80,66,94
129,1987,16,NA,32416,25100,39732,58,45,71
130,1987,17,NA,21256,14850,27662,38,26,50
131,1987,18,NA,16095,10330,21860,29,19,39
132,1987,19,NA,12539,7943,17135,23,15,31
133,1987,20,NA,10344,6454,14234,19,12,26
134,1987,21,NA,17619,12649,22589,32,23,41
135,1987,22,NA,14887,9743,20031,27,18,36
136,1987,23,NA,15857,10943,20771,29,20,38
137,1987,24,NA,11289,7282,15296,20,13,27
138,1987,25,NA,23413,15490,31336,42,28,56
139,1987,26,NA,12341,7824,16858,22,14,30
140,1987,27,NA,10171,5904,14438,18,10,26
141,1987,28,NA,2702,138,5266,5,0,10
142,1987,29,NA,4389,913,7865,8,2,14
143,1987,30,NA,4642,1301,7983,8,2,14
144,1987,31,NA,8233,3655,12811,15,7,23
145,1987,32,NA,7215,2353,12077,13,4,22
146,1987,33,NA,6404,1834,10974,12,4,20
147,1987,34,NA,6631,2734,10528,12,5,19
148,1987,35,NA,6149,2970,9328,11,5,17
149,1987,36,NA,7906,4014,11798,14,7,21
150,1987,37,NA,11208,6542,15874,20,12,28
151,1987,38,NA,16782,11870,21694,30,21,39
152,1987,39,NA,32328,23548,41108,58,42,74
153,1987,40,NA,24641,15930,33352,44,28,60
154,1987,41,NA,42021,32016,52026,76,58,94
155,1987,42,NA,38021,30236,45806,68,54,82
156,1987,43,NA,46356,38370,54342,83,69,97
157,1987,44,NA,41024,33829,48219,74,61,87
158,1987,45,NA,35456,29024,41888,64,52,76
159,1987,46,NA,37216,30199,44233,67,54,80
160,1987,47,NA,29688,23465,35911,53,42,64
161,1987,48,NA,41871,35115,48627,75,63,87
162,1987,49,NA,49380,42461,56299,89,77,101
163,1987,50,NA,57767,50181,65353,104,90,118
164,1987,51,NA,47744,34266,61222,86,62,110
165,1987,52,NA,11935,2353,21517,21,4,38
166,1987,53,NA,47257,38170,56344,85,69,101
167,1988,1,NA,60929,52573,69285,109,94,124
168,1988,2,NA,59743,51907,67579,107,93,121
169,1988,3,NA,68869,60922,76816,123,109,137
170,1988,4,NA,72818,64944,80692,130,116,144
171,1988,5,NA,72705,64952,80458,130,116,144
172,1988,6,NA,69349,61502,77196,124,110,138
173,1988,7,NA,77099,68423,85775,138,122,154
174,1988,8,NA,87753,78449,97057,157,140,174
175,1988,9,NA,135564,125263,145865,243,225,261
176,1988,10,NA,235142,222004,248280,421,397,445
177,1988,11,NA,316175,300858,331492,566,539,593
178,1988,12,NA,283445,268834,298056,507,481,533
179,1988,13,NA,193710,181519,205901,347,325,369
180,1988,14,NA,123868,113211,134525,222,203,241
181,1988,15,NA,70616,61754,79478,126,110,142
182,1988,16,NA,33730,27496,39964,60,49,71
183,1988,17,NA,21750,17436,26064,39,31,47
184,1988,18,NA,20415,16281,24549,37,30,44
185,1988,19,NA,18260,13847,22673,33,25,41
186,1988,20,NA,14118,10223,18013,25,18,32
187,1988,21,NA,11107,7742,14472,20,14,26
188,1988,22,NA,11566,8282,14850,21,15,27
189,1988,23,NA,8695,5755,11635,16,11,21
190,1988,24,NA,6676,3978,9374,12,7,17
191,1988,25,NA,7657,4664,10650,14,9,19
192,1988,26,NA,7065,3905,10225,13,7,19
193,1988,27,NA,4690,2196,7184,8,4,12
194,1988,28,NA,8562,3483,13641,15,6,24
195,1988,29,NA,6103,1013,11193,11,2,20
196,1988,30,NA,4205,1224,7186,8,3,13
197,1988,31,NA,8758,3591,13925,16,7,25
198,1988,32,NA,7033,2595,11471,13,5,21
199,1988,33,NA,7937,3861,12013,14,7,21
200,1988,34,NA,4950,2005,7895,9,4,14
201,1988,35,NA,7797,4762,10832,14,9,19
202,1988,36,NA,7539,4840,10238,13,8,18
203,1988,37,NA,15537,11911,19163,28,22,34
204,1988,38,NA,35243,29367,41119,63,52,74
205,1988,39,NA,43730,36755,50705,78,66,90
206,1988,40,NA,39882,33507,46257,71,60,82
207,1988,41,NA,46336,39344,53328,83,70,96
208,1988,42,NA,45495,38467,52523,81,68,94
209,1988,43,NA,38252,31909,44595,68,57,79
210,1988,44,NA,42106,35336,48876,75,63,87
211,1988,45,NA,53940,46148,61732,97,83,111
212,1988,46,NA,92484,83160,101808,165,148,182
213,1988,47,NA,246062,231234,260890,440,413,467
214,1988,48,NA,637811,614785,660837,1141,1100,1182
215,1988,49,NA,966523,940068,992978,1729,1682,1776
216,1988,50,NA,1001824,974799,1028849,1793,1745,1841
217,1988,51,NA,872748,846468,899028,1562,1515,1609
218,1988,52,NA,467971,447033,488909,837,800,874
219,1989,1,NA,202266,188305,216227,360,335,385
220,1989,2,NA,112284,102003,122565,200,182,218
221,1989,3,NA,66010,58065,73955,118,104,132
222,1989,4,NA,54942,47750,62134,98,85,111
223,1989,5,NA,52840,45665,60015,94,81,107
224,1989,6,NA,47844,40320,55368,85,72,98
225,1989,7,NA,27277,21760,32794,49,39,59
226,1989,8,NA,19746,15258,24234,35,27,43
227,1989,9,NA,12895,9183,16607,23,16,30
228,1989,10,NA,12387,8750,16024,22,16,28
229,1989,11,NA,16633,12140,21126,30,22,38
230,1989,12,NA,13419,9542,17296,24,17,31
231,1989,13,NA,10564,6767,14361,19,12,26
232,1989,14,NA,15230,10469,19991,27,19,35
233,1989,15,NA,9667,6209,13125,17,11,23
234,1989,16,NA,10908,7494,14322,19,13,25
235,1989,17,NA,10949,7147,14751,19,12,26
236,1989,18,NA,13452,1365,25539,24,2,46
237,1989,19,NA,0,,,0,,
238,1989,20,NA,6093,1023,11163,11,2,20
239,1989,21,NA,9554,4316,14792,17,8,26
240,1989,22,NA,9104,4764,13444,16,8,24
241,1989,23,NA,11779,7984,15574,21,14,28
242,1989,24,NA,6337,3537,9137,11,6,16
243,1989,25,NA,6299,3454,9144,11,6,16
244,1989,26,NA,5753,2885,8621,10,5,15
245,1989,27,NA,3641,1350,5932,6,2,10
246,1989,28,NA,1284,105,2463,2,0,4
247,1989,29,NA,3909,1504,6314,7,3,11
248,1989,30,NA,3168,561,5775,6,1,11
249,1989,31,NA,2721,0,5478,5,0,10
250,1989,32,NA,7114,2361,11867,13,5,21
251,1989,33,NA,7940,3858,12022,14,7,21
252,1989,34,NA,6039,2185,9893,11,4,18
253,1989,35,NA,4661,1696,7626,8,3,13
254,1989,36,NA,4769,2299,7239,8,4,12
255,1989,37,NA,12022,8082,15962,21,14,28
256,1989,38,NA,18296,13483,23109,33,24,42
257,1989,39,NA,24622,18425,30819,44,33,55
258,1989,40,NA,31453,24288,38618,56,43,69
259,1989,41,NA,43763,35245,52281,78,63,93
260,1989,42,NA,39410,32172,46648,70,57,83
261,1989,43,NA,29549,23287,35811,53,42,64
262,1989,44,NA,23405,17475,29335,42,31,53
263,1989,45,NA,22711,16999,28423,40,30,50
264,1989,46,NA,23547,17952,29142,42,32,52
265,1989,47,NA,40963,33897,48029,73,60,86
266,1989,48,NA,119087,108253,129921,212,193,231
267,1989,49,NA,358043,340053,376033,638,606,670
268,1989,50,NA,749283,723633,774933,1334,1288,1380
269,1989,51,NA,821540,793846,849234,1463,1414,1512
270,1989,52,NA,581149,556023,606275,1035,990,1080
271,1990,1,NA,483600,460913,506287,855,815,895
272,1990,2,NA,345060,326087,364033,610,576,644
273,1990,3,NA,315466,296550,334382,558,525,591
274,1990,4,NA,287771,267698,307844,509,474,544
275,1990,5,NA,161765,146354,177176,286,259,313
276,1990,6,NA,399984,353345,446623,707,625,789
277,1990,7,NA,61742,49720,73764,109,88,130
278,1990,8,NA,26110,19342,32878,46,34,58
279,1990,9,NA,21793,15460,28126,39,28,50
280,1990,10,NA,16294,11045,21543,29,20,38
281,1990,11,NA,20018,14311,25725,35,25,45
282,1990,12,NA,17035,11135,22935,30,20,40
283,1990,13,NA,21879,15088,28670,39,27,51
284,1990,14,NA,12862,8177,17547,23,15,31
285,1990,15,NA,11707,5831,17583,21,11,31
286,1990,16,NA,8129,3754,12504,14,6,22
287,1990,17,NA,5278,2197,8359,9,4,14
288,1990,18,NA,1738,141,3335,3,0,6
289,1990,19,NA,5897,2440,9354,10,4,16
290,1990,20,NA,4506,1771,7241,8,3,13
291,1990,21,NA,1004,0,2367,2,0,4
292,1990,22,NA,4196,1292,7100,7,2,12
293,1990,23,NA,3655,1043,6267,6,1,11
294,1990,24,NA,5727,2460,8994,10,4,16
295,1990,25,NA,7879,3136,12622,14,6,22
296,1990,26,NA,7236,2651,11821,13,5,21
297,1990,27,NA,2948,793,5103,5,1,9
298,1990,28,NA,959,0,2252,2,0,4
299,1990,29,NA,1077,0,2643,2,0,5
300,1990,30,NA,425,0,1262,1,0,2
301,1990,31,NA,881,0,2206,2,0,4
302,1990,32,NA,1399,0,3849,2,0,6
303,1990,33,NA,0,0,0,0,0,0
304,1990,34,NA,201,0,595,0,0,1
305,1990,35,NA,934,0,2681,2,0,5
306,1990,36,NA,2542,124,4960,4,0,8
307,1990,37,NA,4051,1022,7080,7,2,12
308,1990,38,NA,11146,6197,16095,20,11,29
309,1990,39,NA,15618,10315,20921,28,19,37
310,1990,40,NA,20433,14614,26252,36,26,46
311,1990,41,NA,19723,13330,26116,35,24,46
312,1990,42,NA,13011,7875,18147,23,14,32
313,1990,43,NA,17579,11588,23570,31,20,42
314,1990,44,NA,16182,10305,22059,29,19,39
315,1990,45,NA,17571,11591,23551,31,20,42
316,1990,46,NA,20246,7930,32562,36,14,58
317,1990,47,NA,23358,15890,30826,41,28,54
318,1990,48,NA,29571,22315,36827,52,39,65
319,1990,49,NA,38379,30603,46155,68,54,82
320,1990,50,NA,44125,36137,52113,78,64,92
321,1990,51,NA,46924,37544,56304,83,66,100
322,1990,52,NA,41262,31607,50917,73,56,90
323,1991,1,NA,42927,33706,52148,76,60,92
324,1991,2,NA,29759,22044,37474,52,38,66
325,1991,3,NA,29382,22258,36506,52,39,65
326,1991,4,NA,48253,39031,57475,85,69,101
327,1991,5,NA,73564,62716,84412,129,110,148
328,1991,6,NA,134737,121280,148194,237,213,261
329,1991,7,NA,208836,191789,225883,367,337,397
330,1991,8,NA,216369,198630,234108,381,350,412
331,1991,9,NA,139093,124326,153860,245,219,271
332,1991,10,NA,88750,77784,99716,156,137,175
333,1991,11,NA,46186,38876,53496,81,68,94
334,1991,12,NA,27873,22312,33434,49,39,59
335,1991,13,NA,32179,25829,38529,57,46,68
336,1991,14,NA,27862,21583,34141,49,38,60
337,1991,15,NA,15062,10715,19409,26,18,34
338,1991,16,NA,15665,11184,20146,28,20,36
339,1991,17,NA,15603,10950,20256,27,19,35
340,1991,18,NA,10856,6457,15255,19,11,27
341,1991,19,NA,7785,3986,11584,14,7,21
342,1991,20,NA,8633,4683,12583,15,8,22
343,1991,21,NA,6391,3385,9397,11,6,16
344,1991,22,NA,6050,2682,9418,11,5,17
345,1991,23,NA,6801,3596,10006,12,6,18
346,1991,24,NA,8223,4660,11786,14,8,20
347,1991,25,NA,8218,4776,11660,14,8,20
348,1991,26,NA,6376,3324,9428,11,6,16
349,1991,27,NA,3164,934,5394,6,2,10
350,1991,28,NA,3297,152,6442,6,0,12
351,1991,29,NA,3837,40,7634,7,0,14
352,1991,30,NA,2382,0,6857,4,0,12
353,1991,31,NA,2464,0,5830,4,0,10
354,1991,32,NA,625,0,2190,1,0,4
355,1991,33,NA,1654,0,4102,3,0,7
356,1991,34,NA,2099,0,5104,4,0,9
357,1991,35,NA,2372,0,5025,4,0,9
358,1991,36,NA,2380,0,4882,4,0,8
359,1991,37,NA,2429,434,4424,4,0,8
360,1991,38,NA,7460,3700,11220,13,6,20
361,1991,39,NA,14373,8734,20012,25,15,35
362,1991,40,NA,26740,16049,37431,47,28,66
363,1991,41,NA,28185,20655,35715,50,37,63
364,1991,42,NA,27483,20385,34581,48,36,60
365,1991,43,NA,28842,21958,35726,51,39,63
366,1991,44,NA,21571,15477,27665,38,27,49
367,1991,45,NA,19565,13551,25579,34,23,45
368,1991,46,NA,23685,17531,29839,42,31,53
369,1991,47,NA,35691,28224,43158,63,50,76
370,1991,48,NA,45173,37384,52962,79,65,93
371,1991,49,NA,93903,82992,104814,165,146,184
372,1991,50,NA,198721,182878,214564,350,322,378
373,1991,51,NA,378413,355928,400898,666,626,706
374,1991,52,NA,349815,325499,374131,615,572,658
375,1992,1,NA,247688,222574,272802,434,390,478
376,1992,2,NA,185852,166558,205146,325,291,359
377,1992,3,NA,137893,122944,152842,241,215,267
378,1992,4,NA,147959,133595,162323,259,234,284
379,1992,5,NA,165474,151342,179606,290,265,315
380,1992,6,NA,112450,99989,124911,197,175,219
381,1992,7,NA,57312,48777,65847,100,85,115
382,1992,8,NA,37667,30887,44447,66,54,78
383,1992,9,NA,26629,20275,32983,47,36,58
384,1992,10,NA,19224,12971,25477,34,23,45
385,1992,11,NA,11689,7575,15803,20,13,27
386,1992,12,NA,11752,7834,15670,21,14,28
387,1992,13,NA,11693,8096,15290,20,14,26
388,1992,14,NA,11346,7536,15156,20,13,27
389,1992,15,NA,8642,5029,12255,15,9,21
390,1992,16,NA,5460,2934,7986,10,6,14
391,1992,17,NA,3614,1216,6012,6,2,10
392,1992,18,NA,3887,1777,5997,7,3,11
393,1992,19,NA,2982,1181,4783,5,2,8
394,1992,20,NA,4308,2226,6390,8,4,12
395,1992,21,NA,5059,2889,7229,9,5,13
396,1992,22,NA,4899,2641,7157,9,5,13
397,1992,23,NA,3914,1855,5973,7,3,11
398,1992,24,NA,5928,3482,8374,10,6,14
399,1992,25,NA,5304,2805,7803,9,5,13
400,1992,26,NA,5886,3229,8543,10,5,15
401,1992,27,NA,5568,3134,8002,10,6,14
402,1992,28,NA,4179,2133,6225,7,3,11
403,1992,29,NA,3586,1583,5589,6,2,10
404,1992,30,NA,3091,1145,5037,5,2,8
405,1992,31,NA,4233,1733,6733,7,3,11
406,1992,32,NA,4963,2215,7711,9,4,14
407,1992,33,NA,4046,1549,6543,7,3,11
408,1992,34,NA,2953,922,4984,5,1,9
409,1992,35,NA,6383,3687,9079,11,6,16
410,1992,36,NA,5155,2958,7352,9,5,13
411,1992,37,NA,7480,5130,9830,13,9,17
412,1992,38,NA,9837,7106,12568,17,12,22
413,1992,39,NA,13535,10301,16769,24,18,30
414,1992,40,NA,17593,13885,21301,31,25,37
415,1992,41,NA,24091,19953,28229,42,35,49
416,1992,42,NA,29980,25261,34699,52,44,60
417,1992,43,NA,24969,20704,29234,44,37,51
418,1992,44,NA,27619,22945,32293,48,40,56
419,1992,45,NA,22023,17804,26242,39,32,46
420,1992,46,NA,22758,18462,27054,40,32,48
421,1992,47,NA,26276,21797,30755,46,38,54
422,1992,48,NA,32392,27499,37285,57,48,66
423,1992,49,NA,39146,33847,44445,69,60,78
424,1992,50,NA,40100,34699,45501,70,61,79
425,1992,51,NA,41156,35024,47288,72,61,83
426,1992,52,NA,49588,42568,56608,87,75,99
427,1992,53,NA,56622,49107,64137,99,86,112
428,1993,1,NA,75288,67244,83332,131,117,145
429,1993,2,NA,90269,82164,98374,157,143,171
430,1993,3,NA,147854,137256,158452,258,240,276
431,1993,4,NA,193107,181261,204953,337,316,358
432,1993,5,NA,255890,241516,270264,446,421,471
433,1993,6,NA,286939,271830,302048,500,474,526
434,1993,7,NA,248494,234936,262052,433,409,457
435,1993,8,NA,222932,209051,236813,389,365,413
436,1993,9,NA,184150,171378,196922,321,299,343
437,1993,10,NA,127910,117688,138132,223,205,241
438,1993,11,NA,80548,72628,88468,140,126,154
439,1993,12,NA,63493,55956,71030,111,98,124
440,1993,13,NA,62987,54506,71468,110,95,125
441,1993,14,NA,38266,30865,45667,67,54,80
442,1993,15,NA,22181,17147,27215,39,30,48
443,1993,16,NA,24932,19468,30396,43,33,53
444,1993,17,NA,8111,5138,11084,14,9,19
445,1993,18,NA,5027,3075,6979,9,6,12
446,1993,19,NA,4593,2725,6461,8,5,11
447,1993,20,NA,5137,3157,7117,9,6,12
448,1993,21,NA,5942,3670,8214,10,6,14
449,1993,22,NA,3432,1849,5015,6,3,9
450,1993,23,NA,7424,4302,10546,13,8,18
451,1993,24,NA,6624,3747,9501,12,7,17
452,1993,25,NA,8348,5260,11436,15,10,20
453,1993,26,NA,3048,1450,4646,5,2,8
454,1993,27,NA,2574,918,4230,4,1,7
455,1993,28,NA,1774,484,3064,3,1,5
456,1993,29,NA,3714,1668,5760,6,2,10
457,1993,30,NA,4055,1907,6203,7,3,11
458,1993,31,NA,4163,1768,6558,7,3,11
459,1993,32,NA,3755,1051,6459,7,2,12
460,1993,33,NA,3217,758,5676,6,2,10
461,1993,34,NA,2984,1209,4759,5,2,8
462,1993,35,NA,5589,3066,8112,10,6,14
463,1993,36,NA,4361,2445,6277,8,5,11
464,1993,37,NA,7023,4503,9543,12,8,16
465,1993,38,NA,10492,7329,13655,18,12,24
466,1993,39,NA,14783,11173,18393,26,20,32
467,1993,40,NA,13805,10348,17262,24,18,30
468,1993,41,NA,18285,14384,22186,32,25,39
469,1993,42,NA,19187,14893,23481,33,26,40
470,1993,43,NA,15098,11333,18863,26,19,33
471,1993,44,NA,17832,14015,21649,31,24,38
472,1993,45,NA,32289,27022,37556,56,47,65
473,1993,46,NA,76034,68003,84065,133,119,147
474,1993,47,NA,241371,226769,255973,421,396,446
475,1993,48,NA,527582,507752,547412,920,885,955
476,1993,49,NA,898045,873419,922671,1565,1522,1608
477,1993,50,NA,627639,607097,648181,1094,1058,1130
478,1993,51,NA,377472,359792,395152,658,627,689
479,1993,52,NA,233137,218608,247666,406,381,431
480,1994,1,NA,118119,108182,128056,205,188,222
481,1994,2,NA,47402,41415,53389,82,72,92
482,1994,3,NA,29882,24817,34947,52,43,61
483,1994,4,NA,23712,19048,28376,41,33,49
484,1994,5,NA,18489,14290,22688,32,25,39
485,1994,6,NA,17308,13395,21221,30,23,37
486,1994,7,NA,14639,11188,18090,25,19,31
487,1994,8,NA,9539,6652,12426,17,12,22
488,1994,9,NA,5635,3251,8019,10,6,14
489,1994,10,NA,4548,2529,6567,8,4,12
490,1994,11,NA,5399,3327,7471,9,5,13
491,1994,12,NA,4305,2412,6198,7,4,10
492,1994,13,NA,3343,1641,5045,6,3,9
493,1994,14,NA,4671,2784,6558,8,5,11
494,1994,15,NA,6952,4678,9226,12,8,16
495,1994,16,NA,5156,3176,7136,9,6,12
496,1994,17,NA,2288,1064,3512,4,2,6
497,1994,18,NA,3705,1940,5470,6,3,9
498,1994,19,NA,1483,406,2560,3,1,5
499,1994,20,NA,2217,852,3582,4,2,6
500,1994,21,NA,2197,395,3999,4,1,7
501,1994,22,NA,845,0,2449,1,0,4
502,1994,23,NA,6440,1052,11828,11,2,20
503,1994,24,NA,6288,3723,8853,11,7,15
504,1994,25,NA,5431,3222,7640,9,5,13
505,1994,26,NA,990,80,1900,2,0,4
506,1994,27,NA,713,0,1459,1,0,2
507,1994,28,NA,1581,316,2846,3,1,5
508,1994,29,NA,1188,0,2384,2,0,4
509,1994,30,NA,2100,520,3680,4,1,7
510,1994,31,NA,5027,1580,8474,9,3,15
511,1994,32,NA,4786,1613,7959,8,2,14
512,1994,33,NA,4272,977,7567,7,1,13
513,1994,34,NA,3459,1444,5474,6,2,10
514,1994,35,NA,4556,2358,6754,8,4,12
515,1994,36,NA,2806,1133,4479,5,2,8
516,1994,37,NA,5949,3561,8337,10,6,14
517,1994,38,NA,15366,11100,19632,27,20,34
518,1994,39,NA,15878,11643,20113,28,21,35
519,1994,40,NA,15962,11850,20074,28,21,35
520,1994,41,NA,14073,10341,17805,24,18,30
521,1994,42,NA,14406,10653,18159,25,18,32
522,1994,43,NA,11254,8002,14506,20,14,26
523,1994,44,NA,11307,7688,14926,20,14,26
524,1994,45,NA,12152,8448,15856,21,15,27
525,1994,46,NA,14252,10525,17979,25,19,31
526,1994,47,NA,15206,11578,18834,26,20,32
527,1994,48,NA,18487,14456,22518,32,25,39
528,1994,49,NA,21161,16559,25763,37,29,45
529,1994,50,NA,28831,23470,34192,50,41,59
530,1994,51,NA,26912,21750,32074,47,38,56
531,1994,52,NA,22036,17495,26577,38,30,46
532,1995,1,NA,26556,21916,31196,46,38,54
533,1995,2,NA,23480,19249,27711,41,34,48
534,1995,3,NA,24844,20391,29297,43,35,51
535,1995,4,NA,27643,22818,32468,48,40,56
536,1995,5,NA,27876,23218,32534,48,40,56
537,1995,6,NA,37351,32007,42695,65,56,74
538,1995,7,NA,30550,25479,35621,53,44,62
539,1995,8,NA,38008,32225,43791,66,56,76
540,1995,9,NA,39696,33259,46133,69,58,80
541,1995,10,NA,49387,42703,56071,86,74,98
542,1995,11,NA,81730,73346,90114,142,127,157
543,1995,12,NA,122434,112497,132371,212,195,229
544,1995,13,NA,209839,197191,222487,363,341,385
545,1995,14,NA,248704,235144,262264,431,408,454
546,1995,15,NA,181007,169110,192904,313,292,334
547,1995,16,NA,140488,129439,151537,243,224,262
548,1995,17,NA,88640,79343,97937,153,137,169
549,1995,18,NA,39231,33258,45204,68,58,78
550,1995,19,NA,26261,21488,31034,45,37,53
551,1995,20,NA,18846,14311,23381,33,25,41
552,1995,21,NA,11931,8655,15207,21,15,27
553,1995,22,NA,14124,9999,18249,24,17,31
554,1995,23,NA,13820,9801,17839,24,17,31
555,1995,24,NA,8058,5054,11062,14,9,19
556,1995,25,NA,4571,2520,6622,8,4,12
557,1995,26,NA,4986,2911,7061,9,5,13
558,1995,27,NA,4853,2683,7023,8,4,12
559,1995,28,NA,3312,1430,5194,6,3,9
560,1995,29,NA,2148,687,3609,4,1,7
561,1995,30,NA,1898,46,3750,3,0,6
562,1995,31,NA,1946,92,3800,3,0,6
563,1995,32,NA,700,0,1699,1,0,3
564,1995,33,NA,905,0,2007,2,0,4
565,1995,34,NA,1887,214,3560,3,0,6
566,1995,35,NA,2496,644,4348,4,1,7
567,1995,36,NA,3659,1574,5744,6,2,10
568,1995,37,NA,4895,2666,7124,8,4,12
569,1995,38,NA,13123,9410,16836,23,17,29
570,1995,39,NA,18499,13844,23154,32,24,40
571,1995,40,NA,16245,11610,20880,28,20,36
572,1995,41,NA,14980,10851,19109,26,19,33
573,1995,42,NA,15178,11387,18969,26,19,33
574,1995,43,NA,16188,12389,19987,28,21,35
575,1995,44,NA,13168,9820,16516,23,17,29
576,1995,45,NA,29791,24523,35059,52,43,61
577,1995,46,NA,62380,55042,69718,108,95,121
578,1995,47,NA,120472,110526,130418,209,192,226
579,1995,48,NA,206446,193457,219435,357,335,379
580,1995,49,NA,375500,358200,392800,650,620,680
581,1995,50,NA,604926,583100,626752,1047,1009,1085
582,1995,51,NA,749988,725434,774542,1299,1256,1342
583,1995,52,NA,397122,378252,415992,688,655,721
584,1996,1,NA,223830,209274,238386,386,361,411
585,1996,2,NA,105606,96106,115106,182,166,198
586,1996,3,NA,54691,48016,61366,94,82,106
587,1996,4,NA,43359,36948,49770,75,64,86
588,1996,5,NA,25275,20410,30140,44,36,52
589,1996,6,NA,21810,17153,26467,38,30,46
590,1996,7,NA,23041,18338,27744,40,32,48
591,1996,8,NA,19046,14850,23242,33,26,40
592,1996,9,NA,19594,15228,23960,34,26,42
593,1996,10,NA,20910,16198,25622,36,28,44
594,1996,11,NA,24427,19499,29355,42,33,51
595,1996,12,NA,31818,25852,37784,55,45,65
596,1996,13,NA,30622,25062,36182,53,43,63
597,1996,14,NA,44414,36774,52054,77,64,90
598,1996,15,NA,51703,43644,59762,89,75,103
599,1996,16,NA,29313,23868,34758,51,42,60
600,1996,17,NA,24954,19100,30808,43,33,53
601,1996,18,NA,18338,13352,23324,32,23,41
602,1996,19,NA,11898,8065,15731,21,14,28
603,1996,20,NA,10619,7365,13873,18,12,24
604,1996,21,NA,7042,4291,9793,12,7,17
605,1996,22,NA,4005,1984,6026,7,4,10
606,1996,23,NA,2819,1262,4376,5,2,8
607,1996,24,NA,2490,1067,3913,4,2,6
608,1996,25,NA,2308,856,3760,4,1,7
609,1996,26,NA,2871,1138,4604,5,2,8
610,1996,27,NA,4456,1595,7317,8,3,13
611,1996,28,NA,3109,541,5677,5,1,9
612,1996,29,NA,1559,144,2974,3,1,5
613,1996,30,NA,2992,706,5278,5,1,9
614,1996,31,NA,3010,752,5268,5,1,9
615,1996,32,NA,1453,176,2730,3,1,5
616,1996,33,NA,540,0,1246,1,0,2
617,1996,34,NA,1273,122,2424,2,0,4
618,1996,35,NA,1674,93,3255,3,0,6
619,1996,36,NA,1122,23,2221,2,0,4
620,1996,37,NA,2925,829,5021,5,1,9
621,1996,38,NA,9470,5965,12975,16,10,22
622,1996,39,NA,8377,5183,11571,14,8,20
623,1996,40,NA,10765,7067,14463,19,13,25
624,1996,41,NA,9918,6674,13162,17,11,23
625,1996,42,NA,11929,8472,15386,21,15,27
626,1996,43,NA,12971,9311,16631,22,16,28
627,1996,44,NA,10753,7230,14276,19,13,25
628,1996,45,NA,25551,20136,30966,44,35,53
629,1996,46,NA,32138,26358,37918,55,45,65
630,1996,47,NA,71980,63619,80341,124,110,138
631,1996,48,NA,195568,182563,208573,338,316,360
632,1996,49,NA,411498,393335,429661,710,679,741
633,1996,50,NA,535205,514568,555842,924,888,960
634,1996,51,NA,640627,617388,663866,1106,1066,1146
635,1996,52,NA,388201,369211,407191,670,637,703
636,1997,1,NA,280440,263783,297097,483,454,512
637,1997,2,NA,211578,197395,225761,364,340,388
638,1997,3,NA,143844,131917,155771,248,227,269
639,1997,4,NA,96896,87079,106713,167,150,184
640,1997,5,NA,95900,86095,105705,165,148,182
641,1997,6,NA,76906,68152,85660,132,117,147
642,1997,7,NA,70876,62518,79234,122,108,136
643,1997,8,NA,55445,47857,63033,95,82,108
644,1997,9,NA,29860,24261,35459,51,41,61
645,1997,10,NA,21903,17338,26468,38,30,46
646,1997,11,NA,19988,15419,24557,34,26,42
647,1997,12,NA,17199,12707,21691,30,22,38
648,1997,13,NA,18032,13345,22719,31,23,39
649,1997,14,NA,13602,9659,17545,23,16,30
650,1997,15,NA,9516,6192,12840,16,10,22
651,1997,16,NA,12169,8111,16227,21,14,28
652,1997,17,NA,14236,9906,18566,24,17,31
653,1997,18,NA,5246,2764,7728,9,5,13
654,1997,19,NA,4646,2436,6856,8,4,12
655,1997,20,NA,3257,1519,4995,6,3,9
656,1997,21,NA,2108,664,3552,4,2,6
657,1997,22,NA,2283,665,3901,4,1,7
658,1997,23,NA,4709,2136,7282,8,4,12
659,1997,24,NA,4696,1824,7568,8,3,13
660,1997,25,NA,4012,1090,6934,7,2,12
661,1997,26,NA,5582,2699,8465,10,5,15
662,1997,27,NA,2540,754,4326,4,1,7
663,1997,28,NA,1560,216,2904,3,1,5
664,1997,29,NA,1973,0,4347,3,0,7
665,1997,30,NA,2116,0,4919,4,0,9
666,1997,31,NA,1386,0,3332,2,0,5
667,1997,32,NA,2086,0,4411,4,0,8
668,1997,33,NA,1799,0,4368,3,0,7
669,1997,34,NA,3226,0,6717,6,0,12
670,1997,35,NA,1842,0,3740,3,0,6
671,1997,36,NA,5131,2205,8057,9,4,14
672,1997,37,NA,4542,1949,7135,8,4,12
673,1997,38,NA,3231,1061,5401,6,2,10
674,1997,39,NA,10189,6279,14099,18,11,25
675,1997,40,NA,13292,8709,17875,23,15,31
676,1997,41,NA,16933,11941,21925,29,20,38
677,1997,42,NA,15340,10351,20329,26,17,35
678,1997,43,NA,16707,11945,21469,29,21,37
679,1997,44,NA,19770,14405,25135,34,25,43
680,1997,45,NA,18202,13113,23291,31,22,40
681,1997,46,NA,8073,4613,11533,14,8,20
682,1997,47,NA,11059,7151,14967,19,12,26
683,1997,48,NA,11507,7744,15270,20,14,26
684,1997,49,NA,15978,11147,20809,27,19,35
685,1997,50,NA,33527,26388,40666,58,46,70
686,1997,51,NA,34924,27737,42111,60,48,72
687,1997,52,NA,29039,21984,36094,50,38,62
688,1998,1,NA,24809,17786,31832,43,31,55
689,1998,2,NA,31143,23994,38292,53,41,65
690,1998,3,NA,23900,18221,29579,41,31,51
691,1998,4,NA,30005,23272,36738,51,39,63
692,1998,5,NA,45180,36970,53390,77,63,91
693,1998,6,NA,88217,76829,99605,151,131,171
694,1998,7,NA,190187,173694,206680,326,298,354
695,1998,8,NA,271362,252005,290719,465,432,498
696,1998,9,NA,227553,209970,245136,390,360,420
697,1998,10,NA,202354,186304,218404,347,319,375
698,1998,11,NA,220578,204894,236262,378,351,405
699,1998,12,NA,263585,246356,280814,452,422,482
700,1998,13,NA,298212,278513,317911,512,478,546
701,1998,14,NA,319092,298398,339786,547,512,582
702,1998,15,NA,171603,156715,186491,294,268,320
703,1998,16,NA,123195,109878,136512,211,188,234
704,1998,17,NA,61148,51894,70402,105,89,121
705,1998,18,NA,31612,24512,38712,54,42,66
706,1998,19,NA,24118,17906,30330,41,30,52
707,1998,20,NA,12129,8099,16159,21,14,28
708,1998,21,NA,4751,2416,7086,8,4,12
709,1998,22,NA,5181,2669,7693,9,5,13
710,1998,23,NA,8553,4911,12195,15,9,21
711,1998,24,NA,16263,11126,21400,28,19,37
712,1998,25,NA,18246,13050,23442,31,22,40
713,1998,26,NA,10415,6547,14283,18,11,25
714,1998,27,NA,12358,7158,17558,21,12,30
715,1998,28,NA,9577,4464,14690,16,7,25
716,1998,29,NA,6486,2465,10507,11,4,18
717,1998,30,NA,5309,1628,8990,9,3,15
718,1998,31,NA,12147,0,29237,21,0,50
719,1998,32,NA,1308,0,2894,2,0,5
720,1998,33,NA,2934,0,6598,5,0,11
721,1998,34,NA,3853,589,7117,7,1,13
722,1998,35,NA,2491,0,5022,4,0,8
723,1998,36,NA,3033,580,5486,5,1,9
724,1998,37,NA,6968,3227,10709,12,6,18
725,1998,38,NA,10837,6336,15338,19,11,27
726,1998,39,NA,17075,11538,22612,29,20,38
727,1998,40,NA,20235,14114,26356,35,25,45
728,1998,41,NA,24196,17506,30886,42,31,53
729,1998,42,NA,18885,12726,25044,32,21,43
730,1998,43,NA,12180,7125,17235,21,12,30
731,1998,44,NA,12631,7410,17852,22,13,31
732,1998,45,NA,13021,8113,17929,22,14,30
733,1998,46,NA,13804,9049,18559,24,16,32
734,1998,47,NA,14505,9746,19264,25,17,33
735,1998,48,NA,22636,16668,28604,39,29,49
736,1998,49,NA,33385,26332,40438,57,45,69
737,1998,50,NA,54775,45478,64072,94,78,110
738,1998,51,NA,78179,67156,89202,134,115,153
739,1998,52,NA,72373,61032,83714,124,105,143
740,1998,53,NA,107611,92301,122921,185,159,211
741,1999,1,NA,130133,115125,145141,222,196,248
742,1999,2,NA,160657,145209,176105,275,249,301
743,1999,3,NA,242388,224208,260568,414,383,445
744,1999,4,NA,368514,345131,391897,630,590,670
745,1999,5,NA,476884,449696,504072,815,769,861
746,1999,6,NA,493908,466605,521211,844,797,891
747,1999,7,NA,524136,496702,551570,896,849,943
748,1999,8,NA,313293,292280,334306,536,500,572
749,1999,9,NA,207450,188710,226190,355,323,387
750,1999,10,NA,147976,131058,164894,253,224,282
751,1999,11,NA,91329,78686,103972,156,134,178
752,1999,12,NA,58090,48072,68108,99,82,116
753,1999,13,NA,38453,29560,47346,66,51,81
754,1999,14,NA,18730,13131,24329,32,22,42
755,1999,15,NA,11535,6814,16256,20,12,28
756,1999,16,NA,7539,3360,11718,13,6,20
757,1999,17,NA,2904,701,5107,5,1,9
758,1999,18,NA,3057,678,5436,5,1,9
759,1999,19,NA,6241,3220,9262,11,6,16
760,1999,20,NA,6073,2775,9371,10,4,16
761,1999,21,NA,4180,1485,6875,7,2,12
762,1999,22,NA,4404,1643,7165,8,3,13
763,1999,23,NA,5370,2374,8366,9,4,14
764,1999,24,NA,4327,1646,7008,7,2,12
765,1999,25,NA,5302,2057,8547,9,3,15
766,1999,26,NA,3459,699,6219,6,1,11
767,1999,27,NA,5004,1597,8411,9,3,15
768,1999,28,NA,3731,712,6750,6,1,11
769,1999,29,NA,3983,498,7468,7,1,13
770,1999,30,NA,1478,0,3153,3,0,6
771,1999,31,NA,2640,0,5463,5,0,10
772,1999,32,NA,7149,0,15077,12,0,26
773,1999,33,NA,9757,354,19160,17,1,33
774,1999,34,NA,7600,0,27730,13,0,47
775,1999,35,NA,3334,1188,5480,6,2,10
776,1999,36,NA,8191,2827,13555,14,5,23
777,1999,37,NA,7543,4283,10803,13,7,19
778,1999,38,NA,12430,7759,17101,21,13,29
779,1999,39,NA,28553,20776,36330,49,36,62
780,1999,40,NA,24185,16184,32186,41,27,55
781,1999,41,NA,25171,18689,31653,43,32,54
782,1999,42,NA,19183,13258,25108,33,23,43
783,1999,43,NA,18135,12601,23669,31,22,40
784,1999,44,NA,18238,12870,23606,31,22,40
785,1999,45,NA,17781,10817,24745,30,18,42
786,1999,46,NA,8601,1503,15699,15,3,27
787,1999,47,NA,35912,23462,48362,61,40,82
788,1999,48,NA,58710,48651,68769,100,83,117
789,1999,49,NA,112328,99058,125598,192,169,215
790,1999,50,NA,181113,164571,197655,310,282,338
791,1999,51,NA,272075,250906,293244,465,429,501
792,1999,52,NA,387655,360652,414658,663,617,709
793,2000,1,NA,541945,511326,572564,922,870,974
794,2000,2,NA,521069,492185,549953,886,837,935
795,2000,3,NA,484233,456706,511760,824,777,871
796,2000,4,NA,374822,349785,399859,637,594,680
797,2000,5,NA,261687,239983,283391,445,408,482
798,2000,6,NA,146517,129961,163073,249,221,277
799,2000,7,NA,59173,48440,69906,101,83,119
800,2000,8,NA,23647,17172,30122,40,29,51
801,2000,9,NA,14631,9200,20062,25,16,34
802,2000,10,NA,9091,5450,12732,15,9,21
803,2000,11,NA,12172,7447,16897,21,13,29
804,2000,12,NA,7081,3097,11065,12,5,19
805,2000,13,NA,8572,3443,13701,15,6,24
806,2000,14,NA,10942,5691,16193,19,10,28
807,2000,15,NA,12020,6436,17604,20,11,29
808,2000,16,NA,5328,1433,9223,9,2,16
809,2000,17,NA,7018,1581,12455,12,3,21
810,2000,18,NA,5386,2261,8511,9,4,14
811,2000,19,NA,13867,8548,19186,24,15,33
812,2000,20,NA,4520,1478,7562,8,3,13
813,2000,21,NA,4271,1389,7153,7,2,12
814,2000,22,NA,4966,1694,8238,8,2,14
815,2000,23,NA,8757,4101,13413,15,7,23
816,2000,24,NA,5411,1122,9700,9,2,16
817,2000,25,NA,4239,221,8257,7,0,14
818,2000,26,NA,1997,0,4996,3,0,8
819,2000,27,NA,2427,150,4704,4,0,8
820,2000,28,NA,1071,0,2881,2,0,5
821,2000,29,NA,1532,0,3751,3,0,7
822,2000,30,NA,218,0,783,0,0,1
823,2000,31,NA,2159,0,4744,4,0,8
824,2000,32,NA,1405,0,4239,2,0,7
825,2000,33,NA,1690,0,3859,3,0,7
826,2000,34,NA,5188,0,12418,9,0,21
827,2000,35,NA,5590,0,12003,10,0,21
828,2000,36,NA,2990,0,6416,5,0,11
829,2000,37,NA,2243,0,4722,4,0,8
830,2000,38,NA,7417,3193,11641,13,6,20
831,2000,39,NA,19338,12649,26027,33,22,44
832,2000,40,NA,27237,19986,34488,46,34,58
833,2000,41,NA,40022,30939,49105,68,53,83
834,2000,42,NA,41200,30772,51628,70,52,88
835,2000,43,NA,36951,27693,46209,63,47,79
836,2000,44,NA,16330,9762,22898,28,17,39
837,2000,45,NA,25375,17229,33521,43,29,57
838,2000,46,NA,20598,14053,27143,35,24,46
839,2000,47,NA,64848,11322,118374,110,19,201
840,2000,48,NA,43642,34064,53220,74,58,90
841,2000,49,NA,74170,54196,94144,126,92,160
842,2000,50,NA,99177,84857,113497,169,145,193
843,2000,51,NA,125224,108719,141729,213,185,241
844,2000,52,NA,143525,124203,162847,244,211,277
845,2001,1,NA,98930,84599,113261,167,143,191
846,2001,2,NA,105356,92392,118320,178,156,200
847,2001,3,NA,139823,124243,155403,236,210,262
848,2001,4,NA,209193,189129,229257,354,320,388
849,2001,5,NA,278674,249486,307862,471,422,520
850,2001,6,NA,225969,198142,253796,382,335,429
851,2001,7,NA,126970,107898,146042,215,183,247
852,2001,8,NA,77423,63237,91609,131,107,155
853,2001,9,NA,58623,47346,69900,99,80,118
854,2001,10,NA,46649,37240,56058,79,63,95
855,2001,11,NA,49809,40534,59084,84,68,100
856,2001,12,NA,45411,35780,55042,77,61,93
857,2001,13,NA,48644,39517,57771,82,67,97
858,2001,14,NA,40429,31774,49084,68,53,83
859,2001,15,NA,24188,17340,31036,41,29,53
860,2001,16,NA,24025,16833,31217,41,29,53
861,2001,17,NA,25787,19109,32465,44,33,55
862,2001,18,NA,21043,14262,27824,36,25,47
863,2001,19,NA,17369,10575,24163,29,18,40
864,2001,20,NA,15269,8883,21655,26,15,37
865,2001,21,NA,8925,4094,13756,15,7,23
866,2001,22,NA,4544,2006,7082,8,4,12
867,2001,23,NA,6299,3161,9437,11,6,16
868,2001,24,NA,4784,2158,7410,8,4,12
869,2001,25,NA,2643,527,4759,4,0,8
870,2001,26,NA,3335,466,6204,6,1,11
871,2001,27,NA,4739,1122,8356,8,2,14
872,2001,28,NA,3555,553,6557,6,1,11
873,2001,29,NA,2408,0,5215,4,0,9
874,2001,30,NA,2144,0,5670,4,0,10
875,2001,31,NA,18999,4286,33712,32,7,57
876,2001,32,NA,0,0,0,0,0,0
877,2001,33,NA,0,0,0,0,0,0
878,2001,34,NA,2990,0,6419,5,0,11
879,2001,35,NA,4399,0,9810,7,0,16
880,2001,36,NA,4663,654,8672,8,1,15
881,2001,37,NA,8025,3527,12523,14,6,22
882,2001,38,NA,9736,4985,14487,16,8,24
883,2001,39,NA,25407,7785,43029,43,13,73
884,2001,40,NA,18113,9971,26255,31,17,45
885,2001,41,NA,20241,14032,26450,34,24,44
886,2001,42,NA,18963,11652,26274,32,20,44
887,2001,43,NA,23311,15652,30970,39,26,52
888,2001,44,NA,11410,6593,16227,19,11,27
889,2001,45,NA,20766,13979,27553,35,24,46
890,2001,46,NA,21127,14294,27960,36,24,48
891,2001,47,NA,27455,20021,34889,46,33,59
892,2001,48,NA,43283,20164,66402,73,34,112
893,2001,49,NA,34792,23268,46316,59,40,78
894,2001,50,NA,31309,22878,39740,53,39,67
895,2001,51,NA,45961,36017,55905,78,61,95
896,2001,52,NA,57999,43225,72773,98,73,123
897,2002,1,NA,115422,95696,135148,194,161,227
898,2002,2,NA,244028,217752,270304,410,366,454
899,2002,3,NA,383720,353019,414421,645,593,697
900,2002,4,NA,504715,470859,538571,848,791,905
901,2002,5,NA,456186,422559,489813,767,710,824
902,2002,6,NA,325084,296111,354057,546,497,595
903,2002,7,NA,170251,137065,203437,286,230,342
904,2002,8,NA,117204,95548,138860,197,161,233
905,2002,9,NA,63735,48368,79102,107,81,133
906,2002,10,NA,42915,24537,61293,72,41,103
907,2002,11,NA,40426,29171,51681,68,49,87
908,2002,12,NA,33510,20938,46082,56,35,77
909,2002,13,NA,27497,16289,38705,46,27,65
910,2002,14,NA,23877,15709,32045,40,26,54
911,2002,15,NA,21654,13662,29646,36,23,49
912,2002,16,NA,17762,9887,25637,30,17,43
913,2002,17,NA,7223,2678,11768,12,4,20
914,2002,18,NA,6083,2646,9520,10,4,16
915,2002,19,NA,6139,2598,9680,10,4,16
916,2002,20,NA,3803,1215,6391,6,2,10
917,2002,21,NA,5901,2212,9590,10,4,16
918,2002,22,NA,4854,1696,8012,8,3,13
919,2002,23,NA,15468,9806,21130,26,16,36
920,2002,24,NA,12063,7174,16952,20,12,28
921,2002,25,NA,4765,1076,8454,8,2,14
922,2002,26,NA,4523,0,12320,8,0,21
923,2002,27,NA,1882,0,6151,3,0,10
924,2002,28,NA,6602,0,14289,11,0,24
925,2002,29,NA,5576,379,10773,9,0,18
926,2002,30,NA,3601,0,7836,6,0,13
927,2002,31,NA,5455,399,10511,9,1,17
928,2002,32,NA,1087,0,3003,2,0,5
929,2002,33,NA,2670,0,5462,4,0,9
930,2002,34,NA,2843,0,7483,5,0,13
931,2002,35,NA,2126,0,6301,4,0,11
932,2002,36,NA,1679,0,4072,3,0,7
933,2002,37,NA,12409,4981,19837,21,9,33
934,2002,38,NA,7067,3299,10835,12,6,18
935,2002,39,NA,15989,9892,22086,27,17,37
936,2002,40,NA,8137,3375,12899,14,6,22
937,2002,41,NA,11036,5650,16422,19,10,28
938,2002,42,NA,13774,7800,19748,23,13,33
939,2002,43,NA,14326,7548,21104,24,13,35
940,2002,44,NA,18082,10671,25493,30,18,42
941,2002,45,NA,19304,8475,30133,32,14,50
942,2002,46,NA,12753,5779,19727,21,9,33
943,2002,47,NA,16449,9214,23684,28,16,40
944,2002,48,NA,19799,12868,26730,33,21,45
945,2002,49,NA,24656,16900,32412,41,28,54
946,2002,50,NA,35221,26217,44225,59,44,74
947,2002,51,NA,47629,36912,58346,80,62,98
948,2002,52,NA,47016,33692,60340,79,57,101
949,2003,1,NA,31228,19202,43254,52,32,72
950,2003,2,NA,31447,21706,41188,53,37,69
951,2003,3,NA,50983,38264,63702,85,64,106
952,2003,4,NA,95356,76211,114501,159,127,191
953,2003,5,NA,151864,125877,177851,254,211,297
954,2003,6,NA,206955,177973,235937,346,298,394
955,2003,7,NA,237104,207851,266357,396,347,445
956,2003,8,NA,222638,194269,251007,372,325,419
957,2003,9,NA,177255,151800,202710,296,253,339
958,2003,10,NA,121516,104361,138671,203,174,232
959,2003,11,NA,99729,83353,116105,167,140,194
960,2003,12,NA,88582,73568,103596,148,123,173
961,2003,13,NA,70335,56370,84300,118,95,141
962,2003,14,NA,70084,55374,84794,117,92,142
963,2003,15,NA,69269,55778,82760,116,93,139
964,2003,16,NA,50759,39835,61683,85,67,103
965,2003,17,NA,46253,36234,56272,77,60,94
966,2003,18,NA,12268,6392,18144,20,10,30
967,2003,19,NA,8325,3777,12873,14,6,22
968,2003,20,NA,7554,3748,11360,13,7,19
969,2003,21,NA,5563,2465,8661,9,4,14
970,2003,22,NA,2573,158,4988,4,0,8
971,2003,23,NA,4821,1479,8163,8,2,14
972,2003,24,NA,8429,0,19483,14,0,32
973,2003,25,NA,2602,0,5228,4,0,8
974,2003,26,NA,5333,2138,8528,9,4,14
975,2003,27,NA,2293,0,4605,4,0,8
976,2003,28,NA,3975,609,7341,7,1,13
977,2003,29,NA,6801,450,13152,11,0,22
978,2003,30,NA,3183,28,6338,5,0,10
979,2003,31,NA,5164,0,10601,9,0,18
980,2003,32,NA,1619,0,4072,3,0,7
981,2003,33,NA,1504,0,3921,3,0,7
982,2003,34,NA,2194,0,4889,4,0,9
983,2003,35,NA,1504,0,3349,3,0,6
984,2003,36,NA,10951,3732,18170,18,6,30
985,2003,37,NA,14735,7495,21975,25,13,37
986,2003,38,NA,14811,8777,20845,25,15,35
987,2003,39,NA,26592,18927,34257,44,31,57
988,2003,40,NA,30862,19484,42240,52,33,71
989,2003,41,NA,29579,21478,37680,49,35,63
990,2003,42,NA,39010,28885,49135,65,48,82
991,2003,43,NA,45834,36611,55057,77,62,92
992,2003,44,NA,54703,43193,66213,91,72,110
993,2003,45,NA,95565,80900,110230,160,135,185
994,2003,46,NA,146101,126840,165362,244,212,276
995,2003,47,NA,332927,305972,359882,556,511,601
996,2003,48,NA,514668,485364,543972,860,811,909
997,2003,49,NA,555492,524706,586278,928,877,979
998,2003,50,NA,522427,491781,553073,873,822,924
999,2003,51,NA,445464,389214,501714,744,650,838
1000,2003,52,NA,72239,5520,138958,121,10,232
1001,2004,1,NA,109116,84565,133667,181,140,222
1002,2004,2,NA,95234,81407,109061,158,135,181
1003,2004,3,NA,60482,50389,70575,100,83,117
1004,2004,4,NA,44571,35266,53876,74,59,89
1005,2004,5,NA,35110,25869,44351,58,43,73
1006,2004,6,NA,27452,19505,35399,46,33,59
1007,2004,7,NA,25484,17228,33740,42,28,56
1008,2004,8,NA,17738,11055,24421,29,18,40
1009,2004,9,NA,12618,7283,17953,21,12,30
1010,2004,10,NA,22531,14164,30898,37,23,51
1011,2004,11,NA,13964,7879,20049,23,13,33
1012,2004,12,NA,12482,6899,18065,21,12,30
1013,2004,13,NA,8316,4067,12565,14,7,21
1014,2004,14,NA,15657,8888,22426,26,15,37
1015,2004,15,NA,8272,3655,12889,14,6,22
1016,2004,16,NA,5265,1359,9171,9,3,15
1017,2004,17,NA,3647,523,6771,6,1,11
1018,2004,18,NA,5108,1830,8386,8,3,13
1019,2004,19,NA,7235,3101,11369,12,5,19
1020,2004,20,NA,7885,3454,12316,13,6,20
1021,2004,21,NA,8073,3588,12558,13,6,20
1022,2004,22,NA,8077,3482,12672,13,5,21
1023,2004,23,NA,9792,807,18777,16,1,31
1024,2004,24,NA,6737,2394,11080,11,4,18
1025,2004,25,NA,3275,508,6042,5,0,10
1026,2004,26,NA,7113,0,14709,12,0,25
1027,2004,27,NA,7486,3040,11932,12,5,19
1028,2004,28,NA,6358,2224,10492,11,4,18
1029,2004,29,NA,5164,1162,9166,9,2,16
1030,2004,30,NA,3557,642,6472,6,1,11
1031,2004,31,NA,2949,20,5878,5,0,10
1032,2004,32,NA,3496,0,8181,6,0,14
1033,2004,33,NA,1697,0,4046,3,0,7
1034,2004,34,NA,4501,610,8392,7,1,13
1035,2004,35,NA,4408,775,8041,7,1,13
1036,2004,36,NA,7753,3596,11910,13,6,20
1037,2004,37,NA,9103,4768,13438,15,8,22
1038,2004,38,NA,17483,9417,25549,29,16,42
1039,2004,39,NA,22680,13222,32138,38,22,54
1040,2004,40,NA,25639,17291,33987,43,29,57
1041,2004,41,NA,15852,9789,21915,26,16,36
1042,2004,42,NA,20480,13909,27051,34,23,45
1043,2004,43,NA,16780,10545,23015,28,18,38
1044,2004,44,NA,23166,14852,31480,38,24,52
1045,2004,45,NA,15658,9703,21613,26,16,36
1046,2004,46,NA,13934,8335,19533,23,14,32
1047,2004,47,NA,21148,13386,28910,35,22,48
1048,2004,48,NA,30522,21236,39808,51,36,66
1049,2004,49,NA,27092,17910,36274,45,30,60
1050,2004,50,NA,42358,31865,52851,70,53,87
1051,2004,51,NA,46209,36017,56401,77,60,94
1052,2004,52,NA,32687,24316,41058,54,40,68
1053,2004,53,NA,40695,31926,49464,68,53,83
1054,2005,1,NA,55801,45339,66263,92,75,109
1055,2005,2,NA,88853,75576,102130,147,125,169
1056,2005,3,NA,154208,137061,171355,255,227,283
1057,2005,4,NA,316856,292011,341701,523,482,564
1058,2005,5,NA,568285,534912,601658,938,883,993
1059,2005,6,NA,568610,536207,601013,939,885,993
1060,2005,7,NA,459444,430026,488862,759,710,808
1061,2005,8,NA,277423,254825,300021,458,421,495
1062,2005,9,NA,251784,229464,274104,416,379,453
1063,2005,10,NA,222526,199990,245062,367,330,404
1064,2005,11,NA,183032,161407,204657,302,266,338
1065,2005,12,NA,90040,75374,104706,149,125,173
1066,2005,13,NA,42971,33053,52889,71,55,87
1067,2005,14,NA,21988,14834,29142,36,24,48
1068,2005,15,NA,14881,9018,20744,25,15,35
1069,2005,16,NA,9741,5344,14138,16,9,23
1070,2005,17,NA,7166,3530,10802,12,6,18
1071,2005,18,NA,2755,388,5122,5,1,9
1072,2005,19,NA,7638,3346,11930,13,6,20
1073,2005,20,NA,7841,3611,12071,13,6,20
1074,2005,21,NA,4284,474,8094,7,1,13
1075,2005,22,NA,3935,1031,6839,6,1,11
1076,2005,23,NA,5246,1722,8770,9,3,15
1077,2005,24,NA,5892,2029,9755,10,4,16
1078,2005,25,NA,2354,0,4747,4,0,8
1079,2005,26,NA,4720,1385,8055,8,2,14
1080,2005,27,NA,2305,0,4713,4,0,8
1081,2005,28,NA,1988,96,3880,3,0,6
1082,2005,29,NA,3965,739,7191,7,2,12
1083,2005,30,NA,2203,0,5072,4,0,9
1084,2005,31,NA,3767,0,10955,6,0,18
1085,2005,32,NA,1572,0,3690,3,0,6
1086,2005,33,NA,2815,0,6252,5,0,11
1087,2005,34,NA,5281,539,10023,9,1,17
1088,2005,35,NA,2448,0,4987,4,0,8
1089,2005,36,NA,7082,2806,11358,12,5,19
1090,2005,37,NA,10347,5384,15310,17,9,25
1091,2005,38,NA,21881,13979,29783,36,23,49
1092,2005,39,NA,23994,15381,32607,40,26,54
1093,2005,40,NA,26647,18088,35206,44,30,58
1094,2005,41,NA,26466,18270,34662,44,30,58
1095,2005,42,NA,23653,15209,32097,39,25,53
1096,2005,43,NA,18045,11916,24174,30,20,40
1097,2005,44,NA,20481,13625,27337,34,23,45
1098,2005,45,NA,14609,8709,20509,24,14,34
1099,2005,46,NA,23967,17155,30779,40,29,51
1100,2005,47,NA,26884,19810,33958,44,32,56
1101,2005,48,NA,24860,17839,31881,41,29,53
1102,2005,49,NA,27589,20576,34602,46,34,58
1103,2005,50,NA,36880,28635,45125,61,47,75
1104,2005,51,NA,40344,28397,52291,67,47,87
1105,2005,52,NA,32132,24389,39875,53,40,66
1106,2006,1,NA,34603,26269,42937,57,43,71
1107,2006,2,NA,39211,31418,47004,64,51,77
1108,2006,3,NA,66255,55727,76783,109,92,126
1109,2006,4,NA,104620,90909,118331,171,149,193
1110,2006,5,NA,184928,166901,202955,303,273,333
1111,2006,6,NA,256758,235190,278326,421,386,456
1112,2006,7,NA,243908,221071,266745,400,363,437
1113,2006,8,NA,199088,178830,219346,326,293,359
1114,2006,9,NA,164150,146099,182201,269,239,299
1115,2006,10,NA,124749,109104,140394,204,178,230
1116,2006,11,NA,122437,106388,138486,201,175,227
1117,2006,12,NA,108004,93005,123003,177,152,202
1118,2006,13,NA,77053,63531,90575,126,104,148
1119,2006,14,NA,40321,31022,49620,66,51,81
1120,2006,15,NA,26969,19631,34307,44,32,56
1121,2006,16,NA,22096,15420,28772,36,25,47
1122,2006,17,NA,17762,11802,23722,29,19,39
1123,2006,18,NA,4454,1632,7276,7,2,12
1124,2006,19,NA,5083,2011,8155,8,3,13
1125,2006,20,NA,8859,4754,12964,15,8,22
1126,2006,21,NA,4661,1761,7561,8,3,13
1127,2006,22,NA,5807,2667,8947,10,5,15
1128,2006,23,NA,4532,1489,7575,7,2,12
1129,2006,24,NA,4279,964,7594,7,2,12
1130,2006,25,NA,6259,2072,10446,10,3,17
1131,2006,26,NA,4564,1506,7622,7,2,12
1132,2006,27,NA,1351,0,3031,2,0,5
1133,2006,28,NA,843,0,2245,1,0,3
1134,2006,29,NA,1339,0,3260,2,0,5
1135,2006,30,NA,665,0,1614,1,0,3
1136,2006,31,NA,1773,0,3892,3,0,6
1137,2006,32,NA,0,0,0,0,0,0
1138,2006,33,NA,0,0,0,0,0,0
1139,2006,34,NA,1572,0,3756,3,0,7
1140,2006,35,NA,2170,0,4760,4,0,8
1141,2006,36,NA,1107,0,2346,2,0,4
1142,2006,37,NA,1786,233,3339,3,0,6
1143,2006,38,NA,2532,138,4926,4,0,8
1144,2006,39,NA,8945,4333,13557,15,7,23
1145,2006,40,NA,11950,7132,16768,20,12,28
1146,2006,41,NA,13920,9081,18759,23,15,31
1147,2006,42,NA,16673,8249,25097,27,13,41
1148,2006,43,NA,21157,12483,29831,35,21,49
1149,2006,44,NA,8031,4172,11890,13,7,19
1150,2006,45,NA,12285,7745,16825,20,13,27
1151,2006,46,NA,14032,5590,22474,23,9,37
1152,2006,47,NA,16104,9343,22865,26,15,37
1153,2006,48,NA,16439,11225,21653,27,18,36
1154,2006,49,NA,18773,13164,24382,31,22,40
1155,2006,50,NA,35668,27280,44056,58,44,72
1156,2006,51,NA,62734,50210,75258,103,82,124
1157,2006,52,NA,78190,64191,92189,128,105,151
1158,2007,1,NA,70842,58613,83071,115,95,135
1159,2007,2,NA,82849,69493,96205,135,113,157
1160,2007,3,NA,126161,110596,141726,206,181,231
1161,2007,4,NA,209878,189332,230424,342,309,375
1162,2007,5,NA,375457,346822,404092,612,565,659
1163,2007,6,NA,500016,466668,533364,815,761,869
1164,2007,7,NA,417698,386505,448891,681,630,732
1165,2007,8,NA,316747,284988,348506,516,464,568
1166,2007,9,NA,138901,117018,160784,226,190,262
1167,2007,10,NA,49469,40368,58570,81,66,96
1168,2007,11,NA,30764,23356,38172,50,38,62
1169,2007,12,NA,25433,17717,33149,41,28,54
1170,2007,13,NA,21271,13093,29449,35,22,48
1171,2007,14,NA,11377,6957,15797,19,12,26
1172,2007,15,NA,4757,717,8797,8,1,15
1173,2007,16,NA,3817,1438,6196,6,2,10
1174,2007,17,NA,4705,1736,7674,8,3,13
1175,2007,18,NA,2232,348,4116,4,1,7
1176,2007,19,NA,3012,703,5321,5,1,9
1177,2007,20,NA,6400,2685,10115,10,4,16
1178,2007,21,NA,4319,1659,6979,7,3,11
1179,2007,22,NA,7689,4224,11154,13,7,19
1180,2007,23,NA,5343,2164,8522,9,4,14
1181,2007,24,NA,2854,481,5227,5,1,9
1182,2007,25,NA,3699,0,7778,6,0,13
1183,2007,26,NA,157,0,513,0,0,1
1184,2007,27,NA,1453,0,3382,2,0,5
1185,2007,28,NA,1459,0,3467,2,0,5
1186,2007,29,NA,3406,240,6572,6,1,11
1187,2007,30,NA,2158,0,4583,4,0,8
1188,2007,31,NA,1965,0,4461,3,0,7
1189,2007,32,NA,132,0,688,0,0,1
1190,2007,33,NA,4189,360,8018,7,1,13
1191,2007,34,NA,3353,654,6052,5,1,9
1192,2007,35,NA,1177,0,2872,2,0,5
1193,2007,36,NA,1100,0,2424,2,0,4
1194,2007,37,NA,1449,300,2598,2,0,4
1195,2007,38,NA,4769,837,8701,8,2,14
1196,2007,39,NA,15985,7519,24451,26,12,40
1197,2007,40,NA,13517,2983,24051,22,5,39
1198,2007,41,NA,12987,8464,17510,21,14,28
1199,2007,42,NA,20197,13955,26439,33,23,43
1200,2007,43,NA,16212,10778,21646,26,17,35
1201,2007,44,NA,13904,9072,18736,23,15,31
1202,2007,45,NA,15521,10195,20847,25,16,34
1203,2007,46,NA,18204,12267,24141,30,20,40
1204,2007,47,NA,30716,23351,38081,50,38,62
1205,2007,48,NA,48174,35418,60930,79,58,100
1206,2007,49,NA,38351,26177,50525,63,43,83
1207,2007,50,NA,45366,36923,53809,74,60,88
1208,2007,51,NA,61954,51764,72144,101,84,118
1209,2007,52,NA,86742,72295,101189,141,117,165
1210,2008,1,NA,102562,88547,116577,167,144,190
1211,2008,2,NA,160872,145311,176433,262,237,287
1212,2008,3,NA,260268,233385,287151,424,380,468
1213,2008,4,NA,290196,268193,312199,473,437,509
1214,2008,5,NA,344050,320436,367664,561,523,599
1215,2008,6,NA,377097,350714,403480,615,572,658
1216,2008,7,NA,286498,264535,308461,467,431,503
1217,2008,8,NA,198688,180749,216627,324,295,353
1218,2008,9,NA,119696,104205,135187,195,170,220
1219,2008,10,NA,90342,75729,104955,147,123,171
1220,2008,11,NA,62014,50430,73598,101,82,120
1221,2008,12,NA,53169,43299,63039,87,71,103
1222,2008,13,NA,38600,29300,47900,63,48,78
1223,2008,14,NA,45610,27907,63313,74,45,103
1224,2008,15,NA,22871,16253,29489,37,26,48
1225,2008,16,NA,11876,7054,16698,19,11,27
1226,2008,17,NA,10150,5835,14465,17,10,24
1227,2008,18,NA,5315,1770,8860,9,3,15
1228,2008,19,NA,5173,1485,8861,8,2,14
1229,2008,20,NA,6452,2790,10114,11,5,17
1230,2008,21,NA,3642,925,6359,6,2,10
1231,2008,22,NA,1792,451,3133,3,1,5
1232,2008,23,NA,2906,1006,4806,5,2,8
1233,2008,24,NA,3217,823,5611,5,1,9
1234,2008,25,NA,2006,360,3652,3,0,6
1235,2008,26,NA,897,0,2062,1,0,3
1236,2008,27,NA,2862,474,5250,5,1,9
1237,2008,28,NA,3257,208,6306,5,0,10
1238,2008,29,NA,2055,0,4225,3,0,7
1239,2008,30,NA,3821,643,6999,6,1,11
1240,2008,31,NA,3972,621,7323,6,1,11
1241,2008,32,NA,4378,107,8649,7,0,14
1242,2008,33,NA,7229,0,16106,12,0,26
1243,2008,34,NA,2552,0,6509,4,0,10
1244,2008,35,NA,1901,0,4869,3,0,8
1245,2008,36,NA,2512,492,4532,4,1,7
1246,2008,37,NA,2429,561,4297,4,1,7
1247,2008,38,NA,3679,1481,5877,6,2,10
1248,2008,39,NA,2195,506,3884,4,1,7
1249,2008,40,NA,7869,4535,11203,13,8,18
1250,2008,41,NA,9925,5637,14213,16,9,23
1251,2008,42,NA,9087,5572,12602,15,9,21
1252,2008,43,NA,9345,5541,13149,15,9,21
1253,2008,44,NA,9772,5661,13883,16,9,23
1254,2008,45,NA,12472,7082,17862,20,11,29
1255,2008,46,NA,10899,5461,16337,18,9,27
1256,2008,47,NA,18706,10838,26574,30,17,43
1257,2008,48,NA,25604,18563,32645,42,31,53
1258,2008,49,NA,34950,27527,42373,57,45,69
1259,2008,50,NA,51746,43319,60173,84,70,98
1260,2008,51,NA,112588,96656,128520,184,158,210
1261,2008,52,NA,198418,115769,281067,323,188,458
1262,2009,1,NA,200349,180878,219820,319,288,350
1263,2009,2,NA,287145,262869,311421,457,418,496
1264,2009,3,NA,520957,487271,554643,829,775,883
1265,2009,4,NA,545313,512892,577734,868,816,920
1266,2009,5,NA,401868,375032,428704,640,597,683
1267,2009,6,NA,276274,252759,299789,440,403,477
1268,2009,7,NA,141531,125101,157961,225,199,251
1269,2009,8,NA,109100,94840,123360,174,151,197
1270,2009,9,NA,70558,57400,83716,112,91,133
1271,2009,10,NA,53395,41943,64847,85,67,103
1272,2009,11,NA,40410,30705,50115,64,49,79
1273,2009,12,NA,38811,29935,47687,62,48,76
1274,2009,13,NA,27737,20781,34693,44,33,55
1275,2009,14,NA,26324,19150,33498,42,31,53
1276,2009,15,NA,17533,12137,22929,28,19,37
1277,2009,16,NA,14666,9218,20114,23,14,32
1278,2009,17,NA,9537,5267,13807,15,8,22
1279,2009,18,NA,9627,5121,14133,15,8,22
1280,2009,19,NA,7538,4299,10777,12,7,17
1281,2009,20,NA,9482,5804,13160,15,9,21
1282,2009,21,NA,7118,3704,10532,11,6,16
1283,2009,22,NA,6390,3020,9760,10,5,15
1284,2009,23,NA,4342,1975,6709,7,3,11
1285,2009,24,NA,7794,3409,12179,12,5,19
1286,2009,25,NA,7619,4026,11212,12,6,18
1287,2009,26,NA,9932,5257,14607,16,9,23
1288,2009,27,NA,10354,2760,17948,16,4,28
1289,2009,28,NA,15516,273,30759,25,1,49
1290,2009,29,NA,10704,5314,16094,17,8,26
1291,2009,30,NA,13868,7861,19875,22,12,32
1292,2009,31,NA,30255,9818,50692,48,15,81
1293,2009,32,NA,23151,14624,31678,37,23,51
1294,2009,33,NA,24435,16308,32562,39,26,52
1295,2009,34,NA,24985,17699,32271,40,28,52
1296,2009,35,NA,31660,23669,39651,50,37,63
1297,2009,36,NA,46024,36435,55613,73,58,88
1298,2009,37,NA,101332,87522,115142,161,139,183
1299,2009,38,NA,137924,121242,154606,220,193,247
1300,2009,39,NA,121267,106153,136381,193,169,217
1301,2009,40,NA,111587,97628,125546,178,156,200
1302,2009,41,NA,100802,86381,115223,160,137,183
1303,2009,42,NA,99387,84491,114283,158,134,182
1304,2009,43,NA,131408,114883,147933,209,183,235
1305,2009,44,NA,170231,151298,189164,271,241,301
1306,2009,45,NA,147046,131155,162937,234,209,259
1307,2009,46,NA,223847,203918,243776,356,324,388
1308,2009,47,NA,378924,355752,402096,603,566,640
1309,2009,48,NA,467551,441506,493596,744,703,785
1310,2009,49,NA,473718,447756,499680,754,713,795
1311,2009,50,NA,379424,355974,402874,604,567,641
1312,2009,51,NA,247809,229140,266478,395,365,425
1313,2009,52,NA,172872,153238,192506,275,244,306
1314,2009,53,NA,96141,81818,110464,153,130,176
1315,2010,1,NA,66574,56164,76984,106,89,123
1316,2010,2,NA,40691,32891,48491,65,53,77
1317,2010,3,NA,36236,27936,44536,58,45,71
1318,2010,4,NA,33817,26151,41483,54,42,66
1319,2010,5,NA,22197,17019,27375,35,27,43
1320,2010,6,NA,27858,18883,36833,44,30,58
1321,2010,7,NA,19690,11728,27652,31,18,44
1322,2010,8,NA,15433,10422,20444,25,17,33
1323,2010,9,NA,12081,7334,16828,19,11,27
1324,2010,10,NA,8844,5465,12223,14,9,19
1325,2010,11,NA,8692,5002,12382,14,8,20
1326,2010,12,NA,6727,3582,9872,11,6,16
1327,2010,13,NA,6705,3665,9745,11,6,16
1328,2010,14,NA,6188,3191,9185,10,5,15
1329,2010,15,NA,3990,1376,6604,6,2,10
1330,2010,16,NA,3471,1085,5857,6,2,10
1331,2010,17,NA,2216,817,3615,4,2,6
1332,2010,18,NA,4095,1639,6551,7,3,11
1333,2010,19,NA,2273,636,3910,4,1,7
1334,2010,20,NA,2470,442,4498,4,1,7
1335,2010,21,NA,3860,1636,6084,6,2,10
1336,2010,22,NA,6251,3664,8838,10,6,14
1337,2010,23,NA,4016,1905,6127,6,3,9
1338,2010,24,NA,3584,1657,5511,6,3,9
1339,2010,25,NA,8019,4395,11643,13,7,19
1340,2010,26,NA,5808,2454,9162,9,4,14
1341,2010,27,NA,2494,433,4555,4,1,7
1342,2010,28,NA,1209,0,2640,2,0,4
1343,2010,29,NA,4123,1531,6715,7,3,11
1344,2010,30,NA,3989,1068,6910,6,1,11
1345,2010,31,NA,2732,509,4955,4,0,8
1346,2010,32,NA,671,0,1522,1,0,2
1347,2010,33,NA,2950,0,6507,5,0,11
1348,2010,34,NA,4926,566,9286,8,1,15
1349,2010,35,NA,4279,1604,6954,7,3,11
1350,2010,36,NA,4954,2058,7850,8,3,13
1351,2010,37,NA,5318,2551,8085,8,4,12
1352,2010,38,NA,8936,4906,12966,14,8,20
1353,2010,39,NA,11978,7913,16043,19,13,25
1354,2010,40,NA,18331,12824,23838,29,20,38
1355,2010,41,NA,17352,12182,22522,28,20,36
1356,2010,42,NA,18709,13376,24042,30,22,38
1357,2010,43,NA,16002,11001,21003,25,17,33
1358,2010,44,NA,15833,10255,21411,25,16,34
1359,2010,45,NA,9040,5772,12308,14,9,19
1360,2010,46,NA,15465,10915,20015,25,18,32
1361,2010,47,NA,26598,20123,33073,42,32,52
1362,2010,48,NA,36982,29304,44660,59,47,71
1363,2010,49,NA,54971,46418,63524,88,74,102
1364,2010,50,NA,104874,91639,118109,167,146,188
1365,2010,51,NA,158957,142576,175338,253,227,279
1366,2010,52,NA,228105,208046,248164,363,331,395
1367,2011,1,NA,309933,288190,331676,490,456,524
1368,2011,2,NA,308949,288320,329578,489,456,522
1369,2011,3,NA,275882,257313,294451,437,408,466
1370,2011,4,NA,278218,259626,296810,440,411,469
1371,2011,5,NA,278192,260235,296149,440,412,468
1372,2011,6,NA,216579,200236,232922,343,317,369
1373,2011,7,NA,149219,134798,163640,236,213,259
1374,2011,8,NA,78392,67885,88899,124,107,141
1375,2011,9,NA,54522,46057,62987,86,73,99
1376,2011,10,NA,33628,26073,41183,53,41,65
1377,2011,11,NA,14619,10009,19229,23,16,30
1378,2011,12,NA,12491,7845,17137,20,13,27
1379,2011,13,NA,8749,5213,12285,14,8,20
1380,2011,14,NA,7352,3784,10920,12,6,18
1381,2011,15,NA,6557,3038,10076,10,4,16
1382,2011,16,NA,5061,1988,8134,8,3,13
1383,2011,17,NA,2659,310,5008,4,0,8
1384,2011,18,NA,5306,1815,8797,8,2,14
1385,2011,19,NA,5416,1995,8837,9,4,14
1386,2011,20,NA,3951,1443,6459,6,2,10
1387,2011,21,NA,2694,769,4619,4,1,7
1388,2011,22,NA,3122,1125,5119,5,2,8
1389,2011,23,NA,3406,1170,5642,5,1,9
1390,2011,24,NA,3507,1149,5865,6,2,10
1391,2011,25,NA,3791,1006,6576,6,2,10
1392,2011,26,NA,1155,0,2685,2,0,4
1393,2011,27,NA,3524,551,6497,6,1,11
1394,2011,28,NA,1977,255,3699,3,0,6
1395,2011,29,NA,2265,717,3813,4,2,6
1396,2011,30,NA,3972,1395,6549,6,2,10
1397,2011,31,NA,2409,320,4498,4,1,7
1398,2011,32,NA,2590,119,5061,4,0,8
1399,2011,33,NA,2421,0,5277,4,0,9
1400,2011,34,NA,3312,683,5941,5,1,9
1401,2011,35,NA,4178,1634,6722,7,3,11
1402,2011,36,NA,4606,1714,7498,7,2,12
1403,2011,37,NA,8365,4174,12556,13,6,20
1404,2011,38,NA,14007,8465,19549,22,13,31
1405,2011,39,NA,17021,11062,22980,27,18,36
1406,2011,40,NA,14053,8659,19447,22,13,31
1407,2011,41,NA,7486,4024,10948,12,7,17
1408,2011,42,NA,16932,11363,22501,27,18,36
1409,2011,43,NA,21522,14251,28793,34,22,46
1410,2011,44,NA,14050,8471,19629,22,13,31
1411,2011,45,NA,18104,11995,24213,29,19,39
1412,2011,46,NA,22368,15730,29006,35,24,46
1413,2011,47,NA,17627,11780,23474,28,19,37
1414,2011,48,NA,32358,24451,40265,51,38,64
1415,2011,49,NA,27209,20376,34042,43,32,54
1416,2011,50,NA,24155,18145,30165,38,28,48
1417,2011,51,NA,25835,19002,32668,41,30,52
1418,2011,52,NA,36532,28367,44697,58,45,71
1419,2012,1,NA,45104,35640,54568,71,56,86
1420,2012,2,NA,40507,32652,48362,64,52,76
1421,2012,3,NA,49440,40981,57899,78,65,91
1422,2012,4,NA,67778,56784,78772,107,90,124
1423,2012,5,NA,106110,92524,119696,167,146,188
1424,2012,6,NA,175123,158942,191304,276,251,301
1425,2012,7,NA,263557,242711,284403,415,382,448
1426,2012,8,NA,287293,264901,309685,452,417,487
1427,2012,9,NA,225648,206810,244486,355,325,385
1428,2012,10,NA,174704,157337,192071,275,248,302
1429,2012,11,NA,128945,113778,144112,203,179,227
1430,2012,12,NA,84738,71566,97910,133,112,154
1431,2012,13,NA,62917,50171,75663,99,79,119
1432,2012,14,NA,36740,27799,45681,58,44,72
1433,2012,15,NA,20437,13435,27439,32,21,43
1434,2012,16,NA,11455,6874,16036,18,11,25
1435,2012,17,NA,6982,2701,11263,11,4,18
1436,2012,18,NA,2328,569,4087,4,1,7
1437,2012,19,NA,3267,1317,5217,5,2,8
1438,2012,20,NA,2731,897,4565,4,1,7
1439,2012,21,NA,3722,821,6623,6,1,11
1440,2012,22,NA,5772,2435,9109,9,4,14
1441,2012,23,NA,2361,576,4146,4,1,7
1442,2012,24,NA,5977,2335,9619,9,3,15
1443,2012,25,NA,2669,530,4808,4,1,7
1444,2012,26,NA,4819,1097,8541,8,2,14
1445,2012,27,NA,4162,1487,6837,7,3,11
1446,2012,28,NA,4628,1091,8165,7,1,13
1447,2012,29,NA,6329,1424,11234,10,2,18
1448,2012,30,NA,1834,0,4194,3,0,7
1449,2012,31,NA,2696,0,5763,4,0,9
1450,2012,32,NA,6381,0,14034,10,0,22
1451,2012,33,NA,6492,840,12144,10,1,19
1452,2012,34,NA,3858,0,8641,6,0,14
1453,2012,35,NA,8277,2206,14348,13,3,23
1454,2012,36,NA,6384,2420,10348,10,4,16
1455,2012,37,NA,7775,3509,12041,12,5,19
1456,2012,38,NA,14715,9178,20252,23,14,32
1457,2012,39,NA,20257,14180,26334,32,22,42
1458,2012,40,NA,17873,11545,24201,28,18,38
1459,2012,41,NA,18675,12010,25340,29,19,39
1460,2012,42,NA,13096,8369,17823,21,14,28
1461,2012,43,NA,17791,11284,24298,28,18,38
1462,2012,44,NA,13106,8784,17428,21,14,28
1463,2012,45,NA,18893,12799,24987,30,20,40
1464,2012,46,NA,26436,18286,34586,42,29,55
1465,2012,47,NA,39223,29140,49306,62,46,78
1466,2012,48,NA,43006,32863,53149,68,52,84
1467,2012,49,NA,47537,38711,56363,75,61,89
1468,2012,50,NA,79918,68086,91750,126,107,145
1469,2012,51,NA,113901,99835,127967,179,157,201
1470,2012,52,NA,159290,141978,176602,251,224,278
1471,2013,1,NA,163491,147340,179642,256,231,281
1472,2013,2,NA,184159,168343,199975,288,263,313
1473,2013,3,NA,224661,207134,242188,352,325,379
1474,2013,4,NA,391525,367182,415868,613,575,651
1475,2013,5,NA,492026,464729,519323,770,727,813
1476,2013,6,NA,471647,445112,498182,738,696,780
1477,2013,7,NA,470076,443682,496470,736,695,777
1478,2013,8,NA,351626,327537,375715,550,512,588
1479,2013,9,NA,259984,239067,280901,407,374,440
1480,2013,10,NA,165558,148471,182645,259,232,286
1481,2013,11,NA,84308,72456,96160,132,113,151
1482,2013,12,NA,60822,50414,71230,95,79,111
1483,2013,13,NA,43236,34048,52424,68,54,82
1484,2013,14,NA,36855,27737,45973,58,44,72
1485,2013,15,NA,19357,13311,25403,30,21,39
1486,2013,16,NA,9520,4758,14282,15,8,22
1487,2013,17,NA,7941,2950,12932,12,4,20
1488,2013,18,NA,3415,757,6073,5,1,9
1489,2013,19,NA,1166,0,2680,2,0,4
1490,2013,20,NA,3831,1245,6417,6,2,10
1491,2013,21,NA,5974,2401,9547,9,3,15
1492,2013,22,NA,7245,2923,11567,11,4,18
1493,2013,23,NA,16094,8918,23270,25,14,36
1494,2013,24,NA,7245,2997,11493,11,4,18
1495,2013,25,NA,2735,0,5826,4,0,9
1496,2013,26,NA,3488,839,6137,5,1,9
1497,2013,27,NA,4278,1327,7229,7,2,12
1498,2013,28,NA,983,0,2168,2,0,4
1499,2013,29,NA,1696,0,3558,3,0,6
1500,2013,30,NA,2169,0,4630,3,0,7
1501,2013,31,NA,2270,0,5811,4,0,10
1502,2013,32,NA,4709,549,8869,7,0,14
1503,2013,33,NA,4740,348,9132,7,0,14
1504,2013,34,NA,1889,0,4912,3,0,8
1505,2013,35,NA,1291,0,3112,2,0,5
1506,2013,36,NA,4639,1425,7853,7,2,12
1507,2013,37,NA,5027,1752,8302,8,3,13
1508,2013,38,NA,9324,4198,14450,15,7,23
1509,2013,39,NA,5371,1704,9038,8,2,14
1510,2013,40,NA,9794,5140,14448,15,8,22
1511,2013,41,NA,12391,7265,17517,19,11,27
1512,2013,42,NA,14830,9545,20115,23,15,31
1513,2013,43,NA,15780,9497,22063,25,15,35
1514,2013,44,NA,10193,5622,14764,16,9,23
1515,2013,45,NA,10596,6057,15135,17,10,24
1516,2013,46,NA,13340,8367,18313,21,13,29
1517,2013,47,NA,22636,16343,28929,35,25,45
1518,2013,48,NA,17606,12195,23017,28,20,36
1519,2013,49,NA,18071,13058,23084,28,20,36
1520,2013,50,NA,24055,18214,29896,38,29,47
1521,2013,51,NA,29787,23215,36359,47,37,57
1522,2013,52,NA,30142,22721,37563,47,35,59
1523,2014,1,NA,35624,27451,43797,55,42,68
1524,2014,2,NA,46850,38202,55498,73,60,86
1525,2014,3,NA,64159,54089,74229,100,84,116
1526,2014,4,NA,85280,74414,96146,133,116,150
1527,2014,5,NA,120261,107176,133346,187,167,207
1528,2014,6,NA,160403,145280,175526,250,226,274
1529,2014,7,NA,208726,191283,226169,325,298,352
1530,2014,8,NA,188419,171950,204888,293,267,319
1531,2014,9,NA,147035,131889,162181,229,205,253
1532,2014,10,NA,86105,73497,98713,134,114,154
1533,2014,11,NA,44513,35939,53087,69,56,82
1534,2014,12,NA,23524,17260,29788,37,27,47
1535,2014,13,NA,21577,15435,27719,34,24,44
1536,2014,14,NA,19217,13490,24944,30,21,39
1537,2014,15,NA,10800,6762,14838,17,11,23
1538,2014,16,NA,7057,3381,10733,11,5,17
1539,2014,17,NA,2989,625,5353,5,1,9
1540,2014,18,NA,4708,1654,7762,7,2,12
1541,2014,19,NA,3588,1277,5899,6,2,10
1542,2014,20,NA,5881,2432,9330,9,4,14
1543,2014,21,NA,4523,1039,8007,7,2,12
1544,2014,22,NA,6907,1856,11958,11,3,19
1545,2014,23,NA,5164,1853,8475,8,3,13
1546,2014,24,NA,2007,249,3765,3,0,6
1547,2014,25,NA,4564,1276,7852,7,2,12
1548,2014,26,NA,3858,1235,6481,6,2,10
1549,2014,27,NA,4823,1997,7649,8,4,12
1550,2014,28,NA,4145,1200,7090,6,1,11
1551,2014,29,NA,5122,1258,8986,8,2,14
1552,2014,30,NA,4631,902,8360,7,1,13
1553,2014,31,NA,4143,349,7937,6,0,12
1554,2014,32,NA,3229,447,6011,5,1,9
1555,2014,33,NA,2358,0,4875,4,0,8
1556,2014,34,NA,2367,250,4484,4,1,7
1557,2014,35,NA,2268,355,4181,4,1,7
1558,2014,36,NA,5018,1949,8087,8,3,13
1559,2014,37,NA,7714,3780,11648,12,6,18
1560,2014,38,NA,10567,6496,14638,16,10,22
1561,2014,39,NA,8583,5054,12112,13,8,18
1562,2014,40,NA,16526,11583,21469,26,18,34
1563,2014,41,NA,22486,16295,28677,35,25,45
1564,2014,42,NA,21651,15828,27474,34,25,43
1565,2014,43,NA,16011,10653,21369,25,17,33
1566,2014,44,NA,15500,10464,20536,24,16,32
1567,2014,45,NA,16172,11449,20895,25,18,32
1568,2014,46,NA,14764,10174,19354,23,16,30
1569,2014,47,NA,18158,13186,23130,28,20,36
1570,2014,48,NA,28156,21896,34416,44,34,54
1571,2014,49,NA,33537,27281,39793,52,42,62
1572,2014,50,NA,42182,35049,49315,66,55,77
1573,2014,51,NA,45346,38002,52690,71,60,82
1574,2014,52,NA,63168,52705,73631,98,82,114
1575,2015,1,NA,70962,60505,81419,110,94,126
1576,2015,2,NA,104096,93358,114834,161,144,178
1577,2015,3,NA,153931,141290,166572,239,219,259
1578,2015,4,NA,292161,275491,308831,453,427,479
1579,2015,5,NA,457911,436964,478858,710,678,742
1580,2015,6,NA,533317,510627,556007,827,792,862
1581,2015,7,NA,517750,494301,541199,802,766,838
1582,2015,8,NA,409972,388670,431274,635,602,668
1583,2015,9,NA,238947,222902,254992,370,345,395
1584,2015,10,NA,143931,131682,156180,223,204,242
1585,2015,11,NA,99295,88838,109752,154,138,170
1586,2015,12,NA,70024,61079,78969,109,95,123
1587,2015,13,NA,49563,41986,57140,77,65,89
1588,2015,14,NA,30940,24617,37263,48,38,58
1589,2015,15,NA,19458,14192,24724,30,22,38
1590,2015,16,NA,12098,7913,16283,19,13,25
1591,2015,17,NA,6382,3523,9241,10,6,14
1592,2015,18,NA,3664,1544,5784,6,3,9
1593,2015,19,NA,6307,3256,9358,10,5,15
1594,2015,20,NA,4594,2040,7148,7,3,11
1595,2015,21,NA,5547,2875,8219,9,5,13
1596,2015,22,NA,4262,1989,6535,7,3,11
1597,2015,23,NA,2702,857,4547,4,1,7
1598,2015,24,NA,2849,1000,4698,4,1,7
1599,2015,25,NA,2607,680,4534,4,1,7
1600,2015,26,NA,2536,774,4298,4,1,7
1601,2015,27,NA,2257,393,4121,3,0,6
1602,2015,28,NA,2089,105,4073,3,0,6
1603,2015,29,NA,2389,332,4446,4,1,7
1604,2015,30,NA,2447,353,4541,4,1,7
1605,2015,31,NA,2845,475,5215,4,0,8
1606,2015,32,NA,1594,66,3122,2,0,4
1607,2015,33,NA,1537,208,2866,2,0,4
1608,2015,34,NA,760,0,1618,1,0,2
1609,2015,35,NA,229,0,644,0,0,1
1610,2015,36,NA,1922,440,3404,3,1,5
1611,2015,37,NA,8817,4089,13545,14,7,21
1612,2015,38,NA,8402,4929,11875,13,8,18
1613,2015,39,NA,8595,5671,11519,13,8,18
1614,2015,40,NA,13100,9349,16851,20,14,26
1615,2015,41,NA,13585,9830,17340,21,15,27
1616,2015,42,NA,18675,13613,23737,29,21,37
1617,2015,43,NA,16749,11745,21753,26,18,34
1618,2015,44,NA,14596,10025,19167,23,16,30
1619,2015,45,NA,13577,9192,17962,21,14,28
1620,2015,46,NA,12599,8237,16961,20,13,27
1621,2015,47,NA,14959,10856,19062,23,17,29
1622,2015,48,NA,16428,12273,20583,25,19,31
1623,2015,49,NA,21479,16686,26272,33,26,40
1624,2015,50,NA,25043,19812,30274,39,31,47
1625,2015,51,NA,29080,23014,35146,45,36,54
1626,2015,52,NA,19495,14319,24671,30,22,38
1627,2015,53,NA,24835,19106,30564,38,29,47
1628,2016,1,NA,42263,35556,48970,65,55,75
1629,2016,2,NA,44617,37821,51413,68,58,78
1630,2016,3,NA,75277,66630,83924,116,103,129
1631,2016,4,NA,148473,136591,160355,228,210,246
1632,2016,5,NA,178963,166296,191630,275,256,294
1633,2016,6,NA,196143,182672,209614,301,280,322
1634,2016,7,NA,207359,193223,221495,318,296,340
1635,2016,8,NA,195067,180874,209260,299,277,321
1636,2016,9,NA,229943,214533,245353,353,329,377
1637,2016,10,NA,261822,245799,277845,402,377,427
1638,2016,11,NA,304543,286453,322633,467,439,495
1639,2016,12,NA,272174,254338,290010,418,391,445
1640,2016,13,NA,170654,156387,184921,262,240,284
1641,2016,14,NA,92603,81261,103945,142,125,159
1642,2016,15,NA,48441,39824,57058,74,61,87
1643,2016,16,NA,25670,19632,31708,39,30,48
1644,2016,17,NA,13385,8822,17948,21,14,28
1645,2016,18,NA,8204,4394,12014,13,7,19
1646,2016,19,NA,4738,2308,7168,7,3,11
1647,2016,20,NA,3908,1679,6137,6,3,9
1648,2016,21,NA,5603,2475,8731,9,4,14
1649,2016,22,NA,5667,3015,8319,9,5,13
1650,2016,23,NA,4893,2416,7370,8,4,12
1651,2016,24,NA,4977,2404,7550,8,4,12
1652,2016,25,NA,4611,1560,7662,7,2,12
1653,2016,26,NA,4186,1636,6736,6,2,10
1654,2016,27,NA,5905,2343,9467,9,4,14
1655,2016,28,NA,2725,357,5093,4,0,8
1656,2016,29,NA,1469,0,3073,2,0,4
1657,2016,30,NA,3209,644,5774,5,1,9
1658,2016,31,NA,3691,0,9120,6,0,14
1659,2016,32,NA,2100,93,4107,3,0,6
1660,2016,33,NA,1567,0,3938,2,0,6
1661,2016,34,NA,2233,0,4643,3,0,7
1662,2016,35,NA,3420,1350,5490,5,2,8
1663,2016,36,NA,2372,473,4271,4,1,7
1664,2016,37,NA,4065,1538,6592,6,2,10
1665,2016,38,NA,5969,3073,8865,9,5,13
1666,2016,39,NA,10598,6814,14382,16,10,22
1667,2016,40,NA,13379,8969,17789,21,14,28
1668,2016,41,NA,13909,9709,18109,21,15,27
1669,2016,42,NA,12920,9044,16796,20,14,26
1670,2016,43,NA,9378,5830,12926,14,9,19
1671,2016,44,NA,15145,10357,19933,23,16,30
1672,2016,45,NA,15957,11448,20466,24,17,31
1673,2016,46,NA,20816,16125,25507,32,25,39
1674,2016,47,NA,22270,17612,26928,34,27,41
1675,2016,48,NA,40502,33949,47055,62,52,72
1676,2016,49,NA,76390,67374,85406,117,103,131
1677,2016,50,NA,126570,115081,138059,194,176,212
1678,2016,51,NA,187704,172655,202753,288,265,311
1679,2016,52,NA,224489,207799,241179,345,319,371
1680,2017,1,NA,255535,239743,271327,392,368,416
1681,2017,2,NA,260588,245070,276106,400,376,424
1682,2017,3,NA,267276,251345,283207,410,386,434
1683,2017,4,NA,256428,240618,272238,394,370,418
1684,2017,5,NA,193677,179255,208099,297,275,319
1685,2017,6,NA,93628,82560,104696,144,127,161
1686,2017,7,NA,59590,49764,69416,91,76,106
1687,2017,8,NA,29545,23136,35954,45,35,55
1688,2017,9,NA,13111,9099,17123,20,14,26
1689,2017,10,NA,11802,7964,15640,18,12,24
1690,2017,11,NA,7814,4329,11299,12,7,17
1691,2017,12,NA,8780,4834,12726,13,7,19
1692,2017,13,NA,7594,3808,11380,12,6,18
1693,2017,14,NA,1110,0,2549,2,0,4
1694,2017,15,NA,479,0,1242,1,0,2
1695,2017,16,NA,1380,222,2538,2,0,4
1696,2017,17,NA,2071,428,3714,3,0,6
1697,2017,18,NA,2102,515,3689,3,1,5
1698,2017,19,NA,3461,1490,5432,5,2,8
1699,2017,20,NA,2686,793,4579,4,1,7
1700,2017,21,NA,971,0,2046,1,0,3
1701,2017,22,NA,1305,92,2518,2,0,4
1702,2017,23,NA,1664,203,3125,3,1,5
1703,2017,24,NA,1566,248,2884,2,0,4
1704,2017,25,NA,837,0,1721,1,0,2
1705,2017,26,NA,3171,1166,5176,5,2,8
1706,2017,27,NA,3924,1432,6416,6,2,10
1707,2017,28,NA,5271,2576,7966,8,4,12
1708,2017,29,NA,5014,1989,8039,8,3,13
1709,2017,30,NA,3759,1299,6219,6,2,10
1710,2017,31,NA,3256,1158,5354,5,2,8
1711,2017,32,NA,2667,879,4455,4,1,7
1712,2017,33,NA,2406,766,4046,4,1,7
1713,2017,34,NA,2497,879,4115,4,2,6
1714,2017,35,NA,2794,850,4738,4,1,7
1715,2017,36,NA,2815,917,4713,4,1,7
1716,2017,37,NA,9716,6364,13068,15,10,20
1717,2017,38,NA,11463,7438,15488,18,12,24
1718,2017,39,NA,14949,10534,19364,23,16,30
1719,2017,40,NA,12725,8690,16760,20,14,26
1720,2017,41,NA,12434,8718,16150,19,13,25
1721,2017,42,NA,9966,6503,13429,15,10,20
1722,2017,43,NA,7300,4402,10198,11,7,15
1723,2017,44,NA,8544,5318,11770,13,8,18
1724,2017,45,NA,14035,8091,19979,22,13,31
1725,2017,46,NA,13398,9948,16848,21,16,26
1726,2017,47,NA,24972,19923,30021,38,30,46
1727,2017,48,NA,37568,31541,43595,58,49,67
1728,2017,49,NA,63789,56120,71458,98,86,110
1729,2017,50,NA,129535,118787,140283,199,183,215
1730,2017,51,NA,229448,214366,244530,352,329,375
1731,2017,52,NA,299114,279359,318869,459,429,489
1732,2018,1,NA,235493,220941,250045,358,336,380
1733,2018,2,NA,198079,185663,210495,302,283,321
1734,2018,3,NA,178329,166640,190018,271,253,289
1735,2018,4,NA,175483,163835,187131,267,249,285
1736,2018,5,NA,157839,146646,169032,240,223,257
1737,2018,6,NA,138810,128164,149456,211,195,227
1738,2018,7,NA,141138,130177,152099,215,198,232
1739,2018,8,NA,131870,120950,142790,201,184,218
1740,2018,9,NA,108545,98645,118445,165,150,180
1741,2018,10,NA,93512,83989,103035,142,128,156
1742,2018,11,NA,65159,56506,73812,99,86,112
1743,2018,12,NA,52040,44590,59490,79,68,90
1744,2018,13,NA,32680,25536,39824,50,39,61
1745,2018,14,NA,22666,18092,27240,35,28,42
1746,2018,15,NA,16311,12168,20454,25,19,31
1747,2018,16,NA,4818,2724,6912,7,4,10
1748,2018,17,NA,2573,1003,4143,4,2,6
1749,2018,18,NA,3541,1416,5666,5,2,8
1750,2018,19,NA,1025,0,2098,2,0,4
1751,2018,20,NA,2694,967,4421,4,1,7
1752,2018,21,NA,2537,763,4311,4,1,7
1753,2018,22,NA,3202,1330,5074,5,2,8
1754,2018,23,NA,1207,136,2278,2,0,4
1755,2018,24,NA,3223,1351,5095,5,2,8
1756,2018,25,NA,4580,2220,6940,7,3,11
1757,2018,26,NA,3758,1493,6023,6,3,9
1758,2018,27,NA,3266,1145,5387,5,2,8
1759,2018,28,NA,1654,52,3256,3,1,5
1760,2018,29,NA,1951,252,3650,3,0,6
1761,2018,30,NA,1951,202,3700,3,0,6
1762,2018,31,NA,2048,242,3854,3,0,6
1763,2018,32,NA,1839,183,3495,3,0,6
1764,2018,33,NA,1962,5,3919,3,0,6
1765,2018,34,NA,1368,116,2620,2,0,4
1766,2018,35,NA,1506,239,2773,2,0,4
1767,2018,36,NA,3215,1349,5081,5,2,8
1768,2018,37,NA,4915,2386,7444,7,3,11
1769,2018,38,NA,7349,4399,10299,11,7,15
1770,2018,39,NA,7174,4235,10113,11,7,15
1771,2018,40,NA,7409,4717,10101,11,7,15
1772,2018,41,NA,8048,5098,10998,12,8,16
1773,2018,42,NA,7787,5129,10445,12,8,16
1774,2018,43,NA,6550,3988,9112,10,6,14
1775,2018,44,NA,6586,3875,9297,10,6,14
1776,2018,45,NA,11065,7791,14339,17,12,22
1777,2018,46,NA,11278,7957,14599,17,12,22
1778,2018,47,NA,15949,12105,19793,24,18,30
1779,2018,48,NA,19501,15275,23727,30,24,36
1780,2018,49,NA,19738,15481,23995,30,24,36
1781,2018,50,NA,27781,22638,32924,42,34,50
1782,2018,51,NA,39259,32977,45541,60,50,70
1783,2018,52,NA,37903,31375,44431,58,48,68
1784,2019,1,NA,50295,43525,57065,76,66,86
1785,2019,2,NA,75548,67632,83464,115,103,127
1786,2019,3,NA,147063,135890,158236,223,206,240
1787,2019,4,NA,241090,227261,254919,366,345,387
1788,2019,5,NA,355785,339295,372275,540,515,565
1789,2019,6,NA,394286,376782,411790,599,572,626
1790,2019,7,NA,307338,291220,323456,467,443,491
1791,2019,8,NA,172604,160024,185184,262,243,281
1792,2019,9,NA,88354,79564,97144,134,121,147
1793,2019,10,NA,49742,43268,56216,76,66,86
1794,2019,11,NA,31553,26556,36550,48,40,56
1795,2019,12,NA,22184,17786,26582,34,27,41
1796,2019,13,NA,16513,12530,20496,25,19,31
1797,2019,14,NA,12675,9167,16183,19,14,24
1798,2019,15,NA,5932,3669,8195,9,6,12
1799,2019,16,NA,3842,1973,5711,6,3,9
1800,2019,17,NA,3166,1348,4984,5,2,8
1801,2019,18,NA,1385,278,2492,2,0,4
1802,2019,19,NA,3221,1509,4933,5,2,8
1803,2019,20,NA,2891,1202,4580,4,1,7
1804,2019,21,NA,2585,1102,4068,4,2,6
1805,2019,22,NA,2181,602,3760,3,1,5
1806,2019,23,NA,2004,748,3260,3,1,5
1807,2019,24,NA,876,17,1735,1,0,2
1808,2019,25,NA,1544,389,2699,2,0,4
1809,2019,26,NA,1798,402,3194,3,1,5
1810,2019,27,NA,2466,848,4084,4,2,6
1811,2019,28,NA,1195,125,2265,2,0,4
1812,2019,29,NA,2096,420,3772,3,0,6
1813,2019,30,NA,1944,415,3473,3,1,5
1814,2019,31,NA,2337,695,3979,4,2,6
1815,2019,32,NA,1592,71,3113,2,0,4
1816,2019,33,NA,1593,68,3118,2,0,4
1817,2019,34,NA,1672,279,3065,3,1,5
1818,2019,35,NA,1010,2,2018,2,0,4
1819,2019,36,NA,2295,728,3862,3,1,5
1820,2019,37,NA,3172,1367,4977,5,2,8
1821,2019,38,NA,4897,2891,6903,7,4,10
1822,2019,39,NA,7091,4462,9720,11,7,15
1823,2019,40,NA,8505,5784,11226,13,9,17
1824,2019,41,NA,7122,4720,9524,11,7,15
1825,2019,42,NA,7747,5243,10251,12,8,16
1826,2019,43,NA,9487,6448,12526,14,9,19
1827,2019,44,NA,7822,5010,10634,12,8,16
1828,2019,45,NA,10138,7160,13116,15,10,20
1829,2019,46,NA,16030,12567,19493,24,19,29
1830,2019,47,NA,18669,14759,22579,28,22,34
1831,2019,48,NA,22367,18055,26679,34,27,41
1832,2019,49,NA,25662,21414,29910,39,33,45
1833,2019,50,NA,34223,29156,39290,52,44,60
1834,2019,51,NA,29786,25042,34530,45,38,52
1835,2019,52,NA,28135,23220,33050,43,36,50
1836,2020,1,NA,36850,31608,42092,56,48,64
1837,2020,2,NA,53614,47654,59574,81,72,90
1838,2020,3,NA,78413,71330,85496,119,108,130
1839,2020,4,NA,122331,113492,131170,186,173,199
1840,2020,5,NA,187957,177445,198469,285,269,301
1841,2020,6,NA,206669,195481,217857,314,297,331
1842,2020,7,NA,183610,172812,194408,279,263,295
1843,2020,8,NA,143753,133984,153522,218,203,233
1844,2020,9,NA,110696,102066,119326,168,155,181
1845,2020,10,NA,104977,96650,113304,159,146,172
1846,2020,11,NA,101704,93652,109756,154,142,166
1847,2020,12,NA,107283,98610,115956,163,150,176
1848,2020,13,NA,107742,99187,116297,164,151,177
1849,2020,14,NA,71666,64531,78801,109,98,120
1850,2020,15,NA,41049,35377,46721,62,53,71
1851,2020,16,NA,24165,19893,28437,37,31,43
1852,2020,17,NA,18082,14454,21710,27,21,33
1853,2020,18,NA,16398,12851,19945,25,20,30
1854,2020,19,NA,11679,8722,14636,18,14,22
1855,2020,20,NA,9315,6775,11855,14,10,18
1856,2020,21,NA,6114,4026,8202,9,6,12
1857,2020,22,NA,3580,1947,5213,5,3,7
1858,2020,23,NA,4168,2468,5868,6,3,9
1859,2020,24,NA,3058,1690,4426,5,3,7
1860,2020,25,NA,2853,1488,4218,4,2,6
1861,2020,26,NA,4039,2389,5689,6,3,9
1862,2020,27,NA,4066,2406,5726,6,3,9
1863,2020,28,NA,8340,5701,10979,13,9,17
1864,2020,29,NA,8687,5860,11514,13,9,17
1865,2020,30,NA,8179,5442,10916,12,8,16
1866,2020,31,NA,4351,2269,6433,7,4,10
1867,2020,32,NA,5918,3330,8506,9,5,13
1868,2020,33,NA,6106,3411,8801,9,5,13
1869,2020,34,NA,6084,3090,9078,9,4,14
1870,2020,35,NA,9918,6842,12994,15,10,20
1871,2020,36,NA,10390,7646,13134,16,12,20
1872,2020,37,NA,18485,14649,22321,28,22,34
1873,2020,38,NA,25562,21142,29982,39,32,46
1874,2020,39,NA,19810,15900,23720,30,24,36
1875,2020,40,NA,20443,16381,24505,31,25,37
1876,2020,41,NA,28216,23485,32947,43,36,50
1877,2020,42,NA,38430,31916,44944,58,48,68